city_name	county_name	proper_id
北京市	东城区	110100
北京市	西城区	110100
北京市	朝阳区	110100
北京市	丰台区	110100
北京市	石景山区	110100
北京市	海淀区	110100
北京市	门头沟区	110100
北京市	房山区	110100
北京市	通州区	110100
北京市	顺义区	110100
北京市	昌平区	110100
北京市	大兴区	110100
北京市	怀柔区	110100
北京市	平谷区	110100
北京市	密云区	110100
北京市	延庆区	110100
天津市	和平区	120100
天津市	河东区	120100
天津市	河西区	120100
天津市	南开区	120100
天津市	河北区	120100
天津市	红桥区	120100
天津市	东丽区	120100
天津市	西青区	120100
天津市	津南区	120100
天津市	北辰区	120100
天津市	武清区	120100
天津市	宝坻区	120100
天津市	滨海新区	120100
天津市	宁河区	120100
天津市	静海区	120100
天津市	蓟州区	120100
石家庄市	长安区	130100
石家庄市	桥西区	130100
石家庄市	新华区	130100
石家庄市	井陉矿区	130100
石家庄市	裕华区	130100
石家庄市	藁城区	130100
石家庄市	鹿泉区	130100
石家庄市	栾城区	130100
石家庄市	井陉县	130121
石家庄市	正定县	130123
石家庄市	行唐县	130125
石家庄市	灵寿县	130126
石家庄市	高邑县	130127
石家庄市	深泽县	130128
石家庄市	赞皇县	130129
石家庄市	无极县	130130
石家庄市	平山县	130131
石家庄市	元氏县	130132
石家庄市	赵县	130133
石家庄市	辛集市	130181
石家庄市	晋州市	130183
石家庄市	新乐市	130184
唐山市	路南区	130200
唐山市	路北区	130200
唐山市	古冶区	130200
唐山市	开平区	130200
唐山市	丰南区	130200
唐山市	丰润区	130200
唐山市	曹妃甸区	130200
唐山市	滦南县	130224
唐山市	乐亭县	130225
唐山市	迁西县	130227
唐山市	玉田县	130229
唐山市	遵化市	130281
唐山市	迁安市	130283
唐山市	滦州市	130284
秦皇岛市	海港区	130300
秦皇岛市	山海关区	130300
秦皇岛市	北戴河区	130300
秦皇岛市	抚宁区	130300
秦皇岛市	青龙满族自治县	130321
秦皇岛市	昌黎县	130322
秦皇岛市	卢龙县	130324
邯郸市	邯山区	130400
邯郸市	丛台区	130400
邯郸市	复兴区	130400
邯郸市	峰峰矿区	130400
邯郸市	肥乡区	130400
邯郸市	永年区	130400
邯郸市	临漳县	130423
邯郸市	成安县	130424
邯郸市	大名县	130425
邯郸市	涉县	130426
邯郸市	磁县	130427
邯郸市	邱县	130430
邯郸市	鸡泽县	130431
邯郸市	广平县	130432
邯郸市	馆陶县	130433
邯郸市	魏县	130434
邯郸市	曲周县	130435
邯郸市	武安市	130481
邢台市	桥东区	130500
邢台市	桥西区	130500
邢台市	邢台县	130521
邢台市	临城县	130522
邢台市	内丘县	130523
邢台市	柏乡县	130524
邢台市	隆尧县	130525
邢台市	任县	130526
邢台市	南和县	130527
邢台市	宁晋县	130528
邢台市	巨鹿县	130529
邢台市	新河县	130530
邢台市	广宗县	130531
邢台市	平乡县	130532
邢台市	威县	130533
邢台市	清河县	130534
邢台市	临西县	130535
邢台市	南宫市	130581
邢台市	沙河市	130582
保定市	竞秀区	130600
保定市	莲池区	130600
保定市	满城区	130600
保定市	清苑区	130600
保定市	徐水区	130600
保定市	涞水县	130623
保定市	阜平县	130624
保定市	定兴县	130626
保定市	唐县	130627
保定市	高阳县	130628
保定市	容城县	130629
保定市	涞源县	130630
保定市	望都县	130631
保定市	安新县	130632
保定市	易县	130633
保定市	曲阳县	130634
保定市	蠡县	130635
保定市	顺平县	130636
保定市	博野县	130637
保定市	雄县	130638
保定市	涿州市	130681
保定市	定州市	130682
保定市	安国市	130683
保定市	高碑店市	130684
张家口市	桥东区	130700
张家口市	桥西区	130700
张家口市	宣化区	130700
张家口市	下花园区	130700
张家口市	万全区	130700
张家口市	崇礼区	130700
张家口市	张北县	130722
张家口市	康保县	130723
张家口市	沽源县	130724
张家口市	尚义县	130725
张家口市	蔚县	130726
张家口市	阳原县	130727
张家口市	怀安县	130728
张家口市	怀来县	130730
张家口市	涿鹿县	130731
张家口市	赤城县	130732
承德市	双桥区	130800
承德市	双滦区	130800
承德市	鹰手营子矿区	130800
承德市	承德县	130821
承德市	兴隆县	130822
承德市	滦平县	130824
承德市	隆化县	130825
承德市	丰宁满族自治县	130826
承德市	宽城满族自治县	130827
承德市	围场满族蒙古族自治县	130828
承德市	平泉市	130881
沧州市	新华区	130900
沧州市	运河区	130900
沧州市	沧县	130921
沧州市	青县	130922
沧州市	东光县	130923
沧州市	海兴县	130924
沧州市	盐山县	130925
沧州市	肃宁县	130926
沧州市	南皮县	130927
沧州市	吴桥县	130928
沧州市	献县	130929
沧州市	孟村回族自治县	130930
沧州市	泊头市	130981
沧州市	任丘市	130982
沧州市	黄骅市	130983
沧州市	河间市	130984
廊坊市	安次区	131000
廊坊市	广阳区	131000
廊坊市	固安县	131022
廊坊市	永清县	131023
廊坊市	香河县	131024
廊坊市	大城县	131025
廊坊市	文安县	131026
廊坊市	大厂回族自治县	131028
廊坊市	霸州市	131081
廊坊市	三河市	131082
衡水市	桃城区	131100
衡水市	冀州区	131100
衡水市	枣强县	131121
衡水市	武邑县	131122
衡水市	武强县	131123
衡水市	饶阳县	131124
衡水市	安平县	131125
衡水市	故城县	131126
衡水市	景县	131127
衡水市	阜城县	131128
衡水市	深州市	131182
太原市	小店区	140100
太原市	迎泽区	140100
太原市	杏花岭区	140100
太原市	尖草坪区	140100
太原市	万柏林区	140100
太原市	晋源区	140100
太原市	清徐县	140121
太原市	阳曲县	140122
太原市	娄烦县	140123
太原市	古交市	140181
大同市	新荣区	140200
大同市	平城区	140200
大同市	云冈区	140200
大同市	云州区	140200
大同市	阳高县	140221
大同市	天镇县	140222
大同市	广灵县	140223
大同市	灵丘县	140224
大同市	浑源县	140225
大同市	左云县	140226
阳泉市	城区	140300
阳泉市	矿区	140300
阳泉市	郊区	140300
阳泉市	平定县	140321
阳泉市	盂县	140322
长治市	潞州区	140400
长治市	上党区	140400
长治市	屯留区	140400
长治市	潞城区	140400
长治市	襄垣县	140423
长治市	平顺县	140425
长治市	黎城县	140426
长治市	壶关县	140427
长治市	长子县	140428
长治市	武乡县	140429
长治市	沁县	140430
长治市	沁源县	140431
晋城市	城区	140500
晋城市	沁水县	140521
晋城市	阳城县	140522
晋城市	陵川县	140524
晋城市	泽州县	140525
晋城市	高平市	140581
朔州市	朔城区	140600
朔州市	平鲁区	140600
朔州市	山阴县	140621
朔州市	应县	140622
朔州市	右玉县	140623
朔州市	怀仁市	140681
晋中市	榆次区	140700
晋中市	榆社县	140721
晋中市	左权县	140722
晋中市	和顺县	140723
晋中市	昔阳县	140724
晋中市	寿阳县	140725
晋中市	太谷县	140726
晋中市	祁县	140727
晋中市	平遥县	140728
晋中市	灵石县	140729
晋中市	介休市	140781
运城市	盐湖区	140800
运城市	临猗县	140821
运城市	万荣县	140822
运城市	闻喜县	140823
运城市	稷山县	140824
运城市	新绛县	140825
运城市	绛县	140826
运城市	垣曲县	140827
运城市	夏县	140828
运城市	平陆县	140829
运城市	芮城县	140830
运城市	永济市	140881
运城市	河津市	140882
忻州市	忻府区	140900
忻州市	定襄县	140921
忻州市	五台县	140922
忻州市	代县	140923
忻州市	繁峙县	140924
忻州市	宁武县	140925
忻州市	静乐县	140926
忻州市	神池县	140927
忻州市	五寨县	140928
忻州市	岢岚县	140929
忻州市	河曲县	140930
忻州市	保德县	140931
忻州市	偏关县	140932
忻州市	原平市	140981
临汾市	尧都区	141000
临汾市	曲沃县	141021
临汾市	翼城县	141022
临汾市	襄汾县	141023
临汾市	洪洞县	141024
临汾市	古县	141025
临汾市	安泽县	141026
临汾市	浮山县	141027
临汾市	吉县	141028
临汾市	乡宁县	141029
临汾市	大宁县	141030
临汾市	隰县	141031
临汾市	永和县	141032
临汾市	蒲县	141033
临汾市	汾西县	141034
临汾市	侯马市	141081
临汾市	霍州市	141082
吕梁市	离石区	141100
吕梁市	文水县	141121
吕梁市	交城县	141122
吕梁市	兴县	141123
吕梁市	临县	141124
吕梁市	柳林县	141125
吕梁市	石楼县	141126
吕梁市	岚县	141127
吕梁市	方山县	141128
吕梁市	中阳县	141129
吕梁市	交口县	141130
吕梁市	孝义市	141181
吕梁市	汾阳市	141182
呼和浩特市	新城区	150100
呼和浩特市	回民区	150100
呼和浩特市	玉泉区	150100
呼和浩特市	赛罕区	150100
呼和浩特市	土默特左旗	150121
呼和浩特市	托克托县	150122
呼和浩特市	和林格尔县	150123
呼和浩特市	清水河县	150124
呼和浩特市	武川县	150125
包头市	东河区	150200
包头市	昆都仑区	150200
包头市	青山区	150200
包头市	石拐区	150200
包头市	白云鄂博矿区	150200
包头市	九原区	150200
包头市	土默特右旗	150221
包头市	固阳县	150222
包头市	达尔罕茂明安联合旗	150223
乌海市	海勃湾区	150300
乌海市	海南区	150300
乌海市	乌达区	150300
赤峰市	红山区	150400
赤峰市	元宝山区	150400
赤峰市	松山区	150400
赤峰市	阿鲁科尔沁旗	150421
赤峰市	巴林左旗	150422
赤峰市	巴林右旗	150423
赤峰市	林西县	150424
赤峰市	克什克腾旗	150425
赤峰市	翁牛特旗	150426
赤峰市	喀喇沁旗	150428
赤峰市	宁城县	150429
赤峰市	敖汉旗	150430
通辽市	科尔沁区	150500
通辽市	科尔沁左翼中旗	150521
通辽市	科尔沁左翼后旗	150522
通辽市	开鲁县	150523
通辽市	库伦旗	150524
通辽市	奈曼旗	150525
通辽市	扎鲁特旗	150526
通辽市	霍林郭勒市	150581
鄂尔多斯市	东胜区	150600
鄂尔多斯市	康巴什区	150600
鄂尔多斯市	达拉特旗	150621
鄂尔多斯市	准格尔旗	150622
鄂尔多斯市	鄂托克前旗	150623
鄂尔多斯市	鄂托克旗	150624
鄂尔多斯市	杭锦旗	150625
鄂尔多斯市	乌审旗	150626
鄂尔多斯市	伊金霍洛旗	150627
呼伦贝尔市	海拉尔区	150700
呼伦贝尔市	扎赉诺尔区	150700
呼伦贝尔市	阿荣旗	150721
呼伦贝尔市	莫力达瓦达斡尔族自治旗	150722
呼伦贝尔市	鄂伦春自治旗	150723
呼伦贝尔市	鄂温克族自治旗	150724
呼伦贝尔市	陈巴尔虎旗	150725
呼伦贝尔市	新巴尔虎左旗	150726
呼伦贝尔市	新巴尔虎右旗	150727
呼伦贝尔市	满洲里市	150781
呼伦贝尔市	牙克石市	150782
呼伦贝尔市	扎兰屯市	150783
呼伦贝尔市	额尔古纳市	150784
呼伦贝尔市	根河市	150785
巴彦淖尔市	临河区	150800
巴彦淖尔市	五原县	150821
巴彦淖尔市	磴口县	150822
巴彦淖尔市	乌拉特前旗	150823
巴彦淖尔市	乌拉特中旗	150824
巴彦淖尔市	乌拉特后旗	150825
巴彦淖尔市	杭锦后旗	150826
乌兰察布市	集宁区	150900
乌兰察布市	卓资县	150921
乌兰察布市	化德县	150922
乌兰察布市	商都县	150923
乌兰察布市	兴和县	150924
乌兰察布市	凉城县	150925
乌兰察布市	察哈尔右翼前旗	150926
乌兰察布市	察哈尔右翼中旗	150927
乌兰察布市	察哈尔右翼后旗	150928
乌兰察布市	四子王旗	150929
乌兰察布市	丰镇市	150981
兴安盟	乌兰浩特市	152200
兴安盟	阿尔山市	152200
兴安盟	科尔沁右翼前旗	152221
兴安盟	科尔沁右翼中旗	152222
兴安盟	扎赉特旗	152223
兴安盟	突泉县	152224
锡林郭勒盟	二连浩特市	152500
锡林郭勒盟	锡林浩特市	152500
锡林郭勒盟	阿巴嘎旗	152522
锡林郭勒盟	苏尼特左旗	152523
锡林郭勒盟	苏尼特右旗	152524
锡林郭勒盟	东乌珠穆沁旗	152525
锡林郭勒盟	西乌珠穆沁旗	152526
锡林郭勒盟	太仆寺旗	152527
锡林郭勒盟	镶黄旗	152528
锡林郭勒盟	正镶白旗	152529
锡林郭勒盟	正蓝旗	152530
锡林郭勒盟	多伦县	152531
阿拉善盟	阿拉善左旗	152921
阿拉善盟	阿拉善右旗	152922
阿拉善盟	额济纳旗	152923
沈阳市	和平区	210100
沈阳市	沈河区	210100
沈阳市	大东区	210100
沈阳市	皇姑区	210100
沈阳市	铁西区	210100
沈阳市	苏家屯区	210100
沈阳市	浑南区	210100
沈阳市	沈北新区	210100
沈阳市	于洪区	210100
沈阳市	辽中区	210100
沈阳市	康平县	210123
沈阳市	法库县	210124
沈阳市	新民市	210181
大连市	中山区	210200
大连市	西岗区	210200
大连市	沙河口区	210200
大连市	甘井子区	210200
大连市	旅顺口区	210200
大连市	金州区	210200
大连市	普兰店区	210200
大连市	长海县	210224
大连市	瓦房店市	210281
大连市	庄河市	210283
鞍山市	铁东区	210300
鞍山市	铁西区	210300
鞍山市	立山区	210300
鞍山市	千山区	210300
鞍山市	台安县	210321
鞍山市	岫岩满族自治县	210323
鞍山市	海城市	210381
抚顺市	新抚区	210400
抚顺市	东洲区	210400
抚顺市	望花区	210400
抚顺市	顺城区	210400
抚顺市	抚顺县	210421
抚顺市	新宾满族自治县	210422
抚顺市	清原满族自治县	210423
本溪市	平山区	210500
本溪市	溪湖区	210500
本溪市	明山区	210500
本溪市	南芬区	210500
本溪市	本溪满族自治县	210521
本溪市	桓仁满族自治县	210522
丹东市	元宝区	210600
丹东市	振兴区	210600
丹东市	振安区	210600
丹东市	宽甸满族自治县	210624
丹东市	东港市	210681
丹东市	凤城市	210682
锦州市	古塔区	210700
锦州市	凌河区	210700
锦州市	太和区	210700
锦州市	黑山县	210726
锦州市	义县	210727
锦州市	凌海市	210781
锦州市	北镇市	210782
营口市	站前区	210800
营口市	西市区	210800
营口市	鲅鱼圈区	210800
营口市	老边区	210800
营口市	盖州市	210881
营口市	大石桥市	210882
阜新市	海州区	210900
阜新市	新邱区	210900
阜新市	太平区	210900
阜新市	清河门区	210900
阜新市	细河区	210900
阜新市	阜新蒙古族自治县	210921
阜新市	彰武县	210922
辽阳市	白塔区	211000
辽阳市	文圣区	211000
辽阳市	宏伟区	211000
辽阳市	弓长岭区	211000
辽阳市	太子河区	211000
辽阳市	辽阳县	211021
辽阳市	灯塔市	211081
盘锦市	双台子区	211100
盘锦市	兴隆台区	211100
盘锦市	大洼区	211100
盘锦市	盘山县	211122
铁岭市	银州区	211200
铁岭市	清河区	211200
铁岭市	铁岭县	211221
铁岭市	西丰县	211223
铁岭市	昌图县	211224
铁岭市	调兵山市	211281
铁岭市	开原市	211282
朝阳市	双塔区	211300
朝阳市	龙城区	211300
朝阳市	朝阳县	211321
朝阳市	建平县	211322
朝阳市	喀喇沁左翼蒙古族自治县	211324
朝阳市	北票市	211381
朝阳市	凌源市	211382
葫芦岛市	连山区	211400
葫芦岛市	龙港区	211400
葫芦岛市	南票区	211400
葫芦岛市	绥中县	211421
葫芦岛市	建昌县	211422
葫芦岛市	兴城市	211481
长春市	南关区	220100
长春市	宽城区	220100
长春市	朝阳区	220100
长春市	二道区	220100
长春市	绿园区	220100
长春市	双阳区	220100
长春市	九台区	220100
长春市	农安县	220122
长春市	榆树市	220182
长春市	德惠市	220183
吉林市	昌邑区	220200
吉林市	龙潭区	220200
吉林市	船营区	220200
吉林市	丰满区	220200
吉林市	永吉县	220221
吉林市	蛟河市	220281
吉林市	桦甸市	220282
吉林市	舒兰市	220283
吉林市	磐石市	220284
四平市	铁西区	220300
四平市	铁东区	220300
四平市	梨树县	220322
四平市	伊通满族自治县	220323
四平市	公主岭市	220381
四平市	双辽市	220382
辽源市	龙山区	220400
辽源市	西安区	220400
辽源市	东丰县	220421
辽源市	东辽县	220422
通化市	东昌区	220500
通化市	二道江区	220500
通化市	通化县	220521
通化市	辉南县	220523
通化市	柳河县	220524
通化市	梅河口市	220581
通化市	集安市	220582
白山市	浑江区	220600
白山市	江源区	220600
白山市	抚松县	220621
白山市	靖宇县	220622
白山市	长白朝鲜族自治县	220623
白山市	临江市	220681
松原市	宁江区	220700
松原市	前郭尔罗斯蒙古族自治县	220721
松原市	长岭县	220722
松原市	乾安县	220723
松原市	扶余市	220781
白城市	洮北区	220800
白城市	镇赉县	220821
白城市	通榆县	220822
白城市	洮南市	220881
白城市	大安市	220882
延边朝鲜族自治州	延吉市	222400
延边朝鲜族自治州	图们市	222400
延边朝鲜族自治州	敦化市	222400
延边朝鲜族自治州	珲春市	222400
延边朝鲜族自治州	龙井市	222400
延边朝鲜族自治州	和龙市	222400
延边朝鲜族自治州	汪清县	222424
延边朝鲜族自治州	安图县	222426
哈尔滨市	道里区	230100
哈尔滨市	南岗区	230100
哈尔滨市	道外区	230100
哈尔滨市	平房区	230100
哈尔滨市	松北区	230100
哈尔滨市	香坊区	230100
哈尔滨市	呼兰区	230100
哈尔滨市	阿城区	230100
哈尔滨市	双城区	230100
哈尔滨市	依兰县	230123
哈尔滨市	方正县	230124
哈尔滨市	宾县	230125
哈尔滨市	巴彦县	230126
哈尔滨市	木兰县	230127
哈尔滨市	通河县	230128
哈尔滨市	延寿县	230129
哈尔滨市	尚志市	230183
哈尔滨市	五常市	230184
齐齐哈尔市	龙沙区	230200
齐齐哈尔市	建华区	230200
齐齐哈尔市	铁锋区	230200
齐齐哈尔市	昂昂溪区	230200
齐齐哈尔市	富拉尔基区	230200
齐齐哈尔市	碾子山区	230200
齐齐哈尔市	梅里斯达斡尔族区	230200
齐齐哈尔市	龙江县	230221
齐齐哈尔市	依安县	230223
齐齐哈尔市	泰来县	230224
齐齐哈尔市	甘南县	230225
齐齐哈尔市	富裕县	230227
齐齐哈尔市	克山县	230229
齐齐哈尔市	克东县	230230
齐齐哈尔市	拜泉县	230231
齐齐哈尔市	讷河市	230281
鸡西市	鸡冠区	230300
鸡西市	恒山区	230300
鸡西市	滴道区	230300
鸡西市	梨树区	230300
鸡西市	城子河区	230300
鸡西市	麻山区	230300
鸡西市	鸡东县	230321
鸡西市	虎林市	230381
鸡西市	密山市	230382
鹤岗市	向阳区	230400
鹤岗市	工农区	230400
鹤岗市	南山区	230400
鹤岗市	兴安区	230400
鹤岗市	东山区	230400
鹤岗市	兴山区	230400
鹤岗市	萝北县	230421
鹤岗市	绥滨县	230422
双鸭山市	尖山区	230500
双鸭山市	岭东区	230500
双鸭山市	四方台区	230500
双鸭山市	宝山区	230500
双鸭山市	集贤县	230521
双鸭山市	友谊县	230522
双鸭山市	宝清县	230523
双鸭山市	饶河县	230524
大庆市	萨尔图区	230600
大庆市	龙凤区	230600
大庆市	让胡路区	230600
大庆市	红岗区	230600
大庆市	大同区	230600
大庆市	肇州县	230621
大庆市	肇源县	230622
大庆市	林甸县	230623
大庆市	杜尔伯特蒙古族自治县	230624
伊春市	伊春区	230700
伊春市	南岔区	230700
伊春市	友好区	230700
伊春市	西林区	230700
伊春市	翠峦区	230700
伊春市	新青区	230700
伊春市	美溪区	230700
伊春市	金山屯区	230700
伊春市	五营区	230700
伊春市	乌马河区	230700
伊春市	汤旺河区	230700
伊春市	带岭区	230700
伊春市	乌伊岭区	230700
伊春市	红星区	230700
伊春市	上甘岭区	230700
伊春市	嘉荫县	230722
伊春市	铁力市	230781
佳木斯市	向阳区	230800
佳木斯市	前进区	230800
佳木斯市	东风区	230800
佳木斯市	郊区	230800
佳木斯市	桦南县	230822
佳木斯市	桦川县	230826
佳木斯市	汤原县	230828
佳木斯市	同江市	230881
佳木斯市	富锦市	230882
佳木斯市	抚远市	230883
七台河市	新兴区	230900
七台河市	桃山区	230900
七台河市	茄子河区	230900
七台河市	勃利县	230921
牡丹江市	东安区	231000
牡丹江市	阳明区	231000
牡丹江市	爱民区	231000
牡丹江市	西安区	231000
牡丹江市	林口县	231025
牡丹江市	绥芬河市	231081
牡丹江市	海林市	231083
牡丹江市	宁安市	231084
牡丹江市	穆棱市	231085
牡丹江市	东宁市	231086
黑河市	爱辉区	231100
黑河市	逊克县	231123
黑河市	孙吴县	231124
黑河市	北安市	231181
黑河市	五大连池市	231182
黑河市	嫩江市	231183
绥化市	北林区	231200
绥化市	望奎县	231221
绥化市	兰西县	231222
绥化市	青冈县	231223
绥化市	庆安县	231224
绥化市	明水县	231225
绥化市	绥棱县	231226
绥化市	安达市	231281
绥化市	肇东市	231282
绥化市	海伦市	231283
大兴安岭地区	漠河市	232700
大兴安岭地区	呼玛县	232721
大兴安岭地区	塔河县	232722
大兴安岭地区	加格达奇区	232723
大兴安岭地区	大兴安岭地区直辖	232724
上海市	黄浦区	310100
上海市	徐汇区	310100
上海市	长宁区	310100
上海市	静安区	310100
上海市	普陀区	310100
上海市	虹口区	310100
上海市	杨浦区	310100
上海市	闵行区	310100
上海市	宝山区	310100
上海市	嘉定区	310100
上海市	浦东新区	310100
上海市	金山区	310100
上海市	松江区	310100
上海市	青浦区	310100
上海市	奉贤区	310100
上海市	崇明区	310151
南京市	玄武区	320100
南京市	秦淮区	320100
南京市	建邺区	320100
南京市	鼓楼区	320100
南京市	浦口区	320100
南京市	栖霞区	320100
南京市	雨花台区	320100
南京市	江宁区	320100
南京市	六合区	320100
南京市	溧水区	320100
南京市	高淳区	320100
无锡市	锡山区	320200
无锡市	惠山区	320200
无锡市	滨湖区	320200
无锡市	梁溪区	320200
无锡市	新吴区	320200
无锡市	江阴市	320281
无锡市	宜兴市	320282
徐州市	鼓楼区	320300
徐州市	云龙区	320300
徐州市	贾汪区	320300
徐州市	泉山区	320300
徐州市	铜山区	320300
徐州市	丰县	320321
徐州市	沛县	320322
徐州市	睢宁县	320324
徐州市	新沂市	320381
徐州市	邳州市	320382
常州市	天宁区	320400
常州市	钟楼区	320400
常州市	新北区	320400
常州市	武进区	320400
常州市	金坛区	320400
常州市	溧阳市	320481
苏州市	虎丘区	320500
苏州市	吴中区	320500
苏州市	相城区	320500
苏州市	姑苏区	320500
苏州市	吴江区	320500
苏州市	苏州工业园区	320571
苏州市	常熟市	320581
苏州市	张家港市	320582
苏州市	昆山市	320583
苏州市	太仓市	320585
南通市	崇川区	320600
南通市	港闸区	320600
南通市	通州区	320600
南通市	如东县	320623
南通市	启东市	320681
南通市	如皋市	320682
南通市	海门市	320684
南通市	海安市	320685
连云港市	连云区	320700
连云港市	海州区	320700
连云港市	赣榆区	320700
连云港市	东海县	320722
连云港市	灌云县	320723
连云港市	灌南县	320724
淮安市	淮安区	320800
淮安市	淮阴区	320800
淮安市	清江浦区	320800
淮安市	洪泽区	320800
淮安市	涟水县	320826
淮安市	盱眙县	320830
淮安市	金湖县	320831
盐城市	亭湖区	320900
盐城市	盐都区	320900
盐城市	大丰区	320900
盐城市	响水县	320921
盐城市	滨海县	320922
盐城市	阜宁县	320923
盐城市	射阳县	320924
盐城市	建湖县	320925
盐城市	东台市	320981
扬州市	广陵区	321000
扬州市	邗江区	321000
扬州市	江都区	321000
扬州市	宝应县	321023
扬州市	仪征市	321081
扬州市	高邮市	321084
镇江市	京口区	321100
镇江市	润州区	321100
镇江市	丹徒区	321100
镇江市	丹阳市	321181
镇江市	扬中市	321182
镇江市	句容市	321183
泰州市	海陵区	321200
泰州市	高港区	321200
泰州市	姜堰区	321200
泰州市	兴化市	321281
泰州市	靖江市	321282
泰州市	泰兴市	321283
宿迁市	宿城区	321300
宿迁市	宿豫区	321300
宿迁市	沭阳县	321322
宿迁市	泗阳县	321323
宿迁市	泗洪县	321324
杭州市	上城区	330100
杭州市	下城区	330100
杭州市	江干区	330100
杭州市	拱墅区	330100
杭州市	西湖区	330100
杭州市	滨江区	330100
杭州市	萧山区	330100
杭州市	余杭区	330100
杭州市	富阳区	330100
杭州市	临安区	330100
杭州市	桐庐县	330122
杭州市	淳安县	330127
杭州市	建德市	330182
宁波市	海曙区	330200
宁波市	江北区	330200
宁波市	北仑区	330200
宁波市	镇海区	330200
宁波市	鄞州区	330200
宁波市	奉化区	330200
宁波市	象山县	330225
宁波市	宁海县	330226
宁波市	余姚市	330281
宁波市	慈溪市	330282
温州市	鹿城区	330300
温州市	龙湾区	330300
温州市	瓯海区	330300
温州市	洞头区	330300
温州市	永嘉县	330324
温州市	平阳县	330326
温州市	苍南县	330327
温州市	文成县	330328
温州市	泰顺县	330329
温州市	瑞安市	330381
温州市	乐清市	330382
温州市	龙港市	330383
嘉兴市	南湖区	330400
嘉兴市	秀洲区	330400
嘉兴市	嘉善县	330421
嘉兴市	海盐县	330424
嘉兴市	海宁市	330481
嘉兴市	平湖市	330482
嘉兴市	桐乡市	330483
湖州市	吴兴区	330500
湖州市	南浔区	330500
湖州市	德清县	330521
湖州市	长兴县	330522
湖州市	安吉县	330523
绍兴市	越城区	330600
绍兴市	柯桥区	330600
绍兴市	上虞区	330600
绍兴市	新昌县	330624
绍兴市	诸暨市	330681
绍兴市	嵊州市	330683
金华市	婺城区	330700
金华市	金东区	330700
金华市	武义县	330723
金华市	浦江县	330726
金华市	磐安县	330727
金华市	兰溪市	330781
金华市	义乌市	330782
金华市	东阳市	330783
金华市	永康市	330784
衢州市	柯城区	330800
衢州市	衢江区	330800
衢州市	常山县	330822
衢州市	开化县	330824
衢州市	龙游县	330825
衢州市	江山市	330881
舟山市	定海区	330900
舟山市	普陀区	330900
舟山市	岱山县	330921
舟山市	嵊泗县	330922
台州市	椒江区	331000
台州市	黄岩区	331000
台州市	路桥区	331000
台州市	三门县	331022
台州市	天台县	331023
台州市	仙居县	331024
台州市	温岭市	331081
台州市	临海市	331082
台州市	玉环市	331083
丽水市	莲都区	331100
丽水市	青田县	331121
丽水市	缙云县	331122
丽水市	遂昌县	331123
丽水市	松阳县	331124
丽水市	云和县	331125
丽水市	庆元县	331126
丽水市	景宁畲族自治县	331127
丽水市	龙泉市	331181
合肥市	瑶海区	340100
合肥市	庐阳区	340100
合肥市	蜀山区	340100
合肥市	包河区	340100
合肥市	长丰县	340121
合肥市	肥东县	340122
合肥市	肥西县	340123
合肥市	庐江县	340124
合肥市	巢湖市	340181
芜湖市	镜湖区	340200
芜湖市	弋江区	340200
芜湖市	鸠江区	340200
芜湖市	三山区	340200
芜湖市	芜湖县	340221
芜湖市	繁昌县	340222
芜湖市	南陵县	340223
芜湖市	无为县	340225
蚌埠市	龙子湖区	340300
蚌埠市	蚌山区	340300
蚌埠市	禹会区	340300
蚌埠市	淮上区	340300
蚌埠市	怀远县	340321
蚌埠市	五河县	340322
蚌埠市	固镇县	340323
淮南市	大通区	340400
淮南市	田家庵区	340400
淮南市	谢家集区	340400
淮南市	八公山区	340400
淮南市	潘集区	340400
淮南市	凤台县	340421
淮南市	寿县	340422
马鞍山市	花山区	340500
马鞍山市	雨山区	340500
马鞍山市	博望区	340500
马鞍山市	当涂县	340521
马鞍山市	含山县	340522
马鞍山市	和县	340523
淮北市	杜集区	340600
淮北市	相山区	340600
淮北市	烈山区	340600
淮北市	濉溪县	340621
铜陵市	铜官区	340700
铜陵市	义安区	340700
铜陵市	郊区	340700
铜陵市	枞阳县	340722
安庆市	迎江区	340800
安庆市	大观区	340800
安庆市	宜秀区	340800
安庆市	怀宁县	340822
安庆市	太湖县	340825
安庆市	宿松县	340826
安庆市	望江县	340827
安庆市	岳西县	340828
安庆市	桐城市	340881
安庆市	潜山市	340882
黄山市	屯溪区	341000
黄山市	黄山区	341000
黄山市	徽州区	341000
黄山市	歙县	341021
黄山市	休宁县	341022
黄山市	黟县	341023
黄山市	祁门县	341024
滁州市	琅琊区	341100
滁州市	南谯区	341100
滁州市	来安县	341122
滁州市	全椒县	341124
滁州市	定远县	341125
滁州市	凤阳县	341126
滁州市	天长市	341181
滁州市	明光市	341182
阜阳市	颍州区	341200
阜阳市	颍东区	341200
阜阳市	颍泉区	341200
阜阳市	临泉县	341221
阜阳市	太和县	341222
阜阳市	阜南县	341225
阜阳市	颍上县	341226
阜阳市	界首市	341282
宿州市	埇桥区	341300
宿州市	砀山县	341321
宿州市	萧县	341322
宿州市	灵璧县	341323
宿州市	泗县	341324
六安市	金安区	341500
六安市	裕安区	341500
六安市	叶集区	341500
六安市	霍邱县	341522
六安市	舒城县	341523
六安市	金寨县	341524
六安市	霍山县	341525
亳州市	谯城区	341600
亳州市	涡阳县	341621
亳州市	蒙城县	341622
亳州市	利辛县	341623
池州市	贵池区	341700
池州市	东至县	341721
池州市	石台县	341722
池州市	青阳县	341723
宣城市	宣州区	341800
宣城市	郎溪县	341821
宣城市	泾县	341823
宣城市	绩溪县	341824
宣城市	旌德县	341825
宣城市	宁国市	341881
宣城市	广德市	341882
福州市	鼓楼区	350100
福州市	台江区	350100
福州市	仓山区	350100
福州市	马尾区	350100
福州市	晋安区	350100
福州市	长乐区	350100
福州市	闽侯县	350121
福州市	连江县	350122
福州市	罗源县	350123
福州市	闽清县	350124
福州市	永泰县	350125
福州市	平潭县	350128
福州市	福清市	350181
厦门市	思明区	350200
厦门市	海沧区	350200
厦门市	湖里区	350200
厦门市	集美区	350200
厦门市	同安区	350200
厦门市	翔安区	350200
莆田市	城厢区	350300
莆田市	涵江区	350300
莆田市	荔城区	350300
莆田市	秀屿区	350300
莆田市	仙游县	350322
三明市	梅列区	350400
三明市	三元区	350400
三明市	明溪县	350421
三明市	清流县	350423
三明市	宁化县	350424
三明市	大田县	350425
三明市	尤溪县	350426
三明市	沙县	350427
三明市	将乐县	350428
三明市	泰宁县	350429
三明市	建宁县	350430
三明市	永安市	350481
泉州市	鲤城区	350500
泉州市	丰泽区	350500
泉州市	洛江区	350500
泉州市	泉港区	350500
泉州市	惠安县	350521
泉州市	安溪县	350524
泉州市	永春县	350525
泉州市	德化县	350526
泉州市	金门县	350527
泉州市	石狮市	350581
泉州市	晋江市	350582
泉州市	南安市	350583
漳州市	芗城区	350600
漳州市	龙文区	350600
漳州市	云霄县	350622
漳州市	漳浦县	350623
漳州市	诏安县	350624
漳州市	长泰县	350625
漳州市	东山县	350626
漳州市	南靖县	350627
漳州市	平和县	350628
漳州市	华安县	350629
漳州市	龙海市	350681
南平市	延平区	350700
南平市	建阳区	350700
南平市	顺昌县	350721
南平市	浦城县	350722
南平市	光泽县	350723
南平市	松溪县	350724
南平市	政和县	350725
南平市	邵武市	350781
南平市	武夷山市	350782
南平市	建瓯市	350783
龙岩市	新罗区	350800
龙岩市	永定区	350800
龙岩市	长汀县	350821
龙岩市	上杭县	350823
龙岩市	武平县	350824
龙岩市	连城县	350825
龙岩市	漳平市	350881
宁德市	蕉城区	350900
宁德市	霞浦县	350921
宁德市	古田县	350922
宁德市	屏南县	350923
宁德市	寿宁县	350924
宁德市	周宁县	350925
宁德市	柘荣县	350926
宁德市	福安市	350981
宁德市	福鼎市	350982
南昌市	东湖区	360100
南昌市	西湖区	360100
南昌市	青云谱区	360100
南昌市	湾里区	360100
南昌市	青山湖区	360100
南昌市	新建区	360100
南昌市	南昌县	360121
南昌市	安义县	360123
南昌市	进贤县	360124
景德镇市	昌江区	360200
景德镇市	珠山区	360200
景德镇市	浮梁县	360222
景德镇市	乐平市	360281
萍乡市	安源区	360300
萍乡市	湘东区	360300
萍乡市	莲花县	360321
萍乡市	上栗县	360322
萍乡市	芦溪县	360323
九江市	濂溪区	360400
九江市	浔阳区	360400
九江市	柴桑区	360400
九江市	武宁县	360423
九江市	修水县	360424
九江市	永修县	360425
九江市	德安县	360426
九江市	都昌县	360428
九江市	湖口县	360429
九江市	彭泽县	360430
九江市	瑞昌市	360481
九江市	共青城市	360482
九江市	庐山市	360483
新余市	渝水区	360500
新余市	分宜县	360521
鹰潭市	月湖区	360600
鹰潭市	余江区	360600
鹰潭市	贵溪市	360681
赣州市	章贡区	360700
赣州市	南康区	360700
赣州市	赣县区	360700
赣州市	信丰县	360722
赣州市	大余县	360723
赣州市	上犹县	360724
赣州市	崇义县	360725
赣州市	安远县	360726
赣州市	龙南县	360727
赣州市	定南县	360728
赣州市	全南县	360729
赣州市	宁都县	360730
赣州市	于都县	360731
赣州市	兴国县	360732
赣州市	会昌县	360733
赣州市	寻乌县	360734
赣州市	石城县	360735
赣州市	瑞金市	360781
吉安市	吉州区	360800
吉安市	青原区	360800
吉安市	吉安县	360821
吉安市	吉水县	360822
吉安市	峡江县	360823
吉安市	新干县	360824
吉安市	永丰县	360825
吉安市	泰和县	360826
吉安市	遂川县	360827
吉安市	万安县	360828
吉安市	安福县	360829
吉安市	永新县	360830
吉安市	井冈山市	360881
宜春市	袁州区	360900
宜春市	奉新县	360921
宜春市	万载县	360922
宜春市	上高县	360923
宜春市	宜丰县	360924
宜春市	靖安县	360925
宜春市	铜鼓县	360926
宜春市	丰城市	360981
宜春市	樟树市	360982
宜春市	高安市	360983
抚州市	临川区	361000
抚州市	东乡区	361000
抚州市	南城县	361021
抚州市	黎川县	361022
抚州市	南丰县	361023
抚州市	崇仁县	361024
抚州市	乐安县	361025
抚州市	宜黄县	361026
抚州市	金溪县	361027
抚州市	资溪县	361028
抚州市	广昌县	361030
上饶市	信州区	361100
上饶市	广丰区	361100
上饶市	广信区	361100
上饶市	玉山县	361123
上饶市	铅山县	361124
上饶市	横峰县	361125
上饶市	弋阳县	361126
上饶市	余干县	361127
上饶市	鄱阳县	361128
上饶市	万年县	361129
上饶市	婺源县	361130
上饶市	德兴市	361181
济南市	历下区	370100
济南市	市中区	370100
济南市	槐荫区	370100
济南市	天桥区	370100
济南市	历城区	370100
济南市	长清区	370100
济南市	章丘区	370100
济南市	济阳区	370100
济南市	莱芜区	370100
济南市	钢城区	370100
济南市	平阴县	370124
济南市	商河县	370126
青岛市	市南区	370200
青岛市	市北区	370200
青岛市	黄岛区	370200
青岛市	崂山区	370200
青岛市	李沧区	370200
青岛市	城阳区	370200
青岛市	即墨区	370200
青岛市	胶州市	370281
青岛市	平度市	370283
青岛市	莱西市	370285
淄博市	淄川区	370300
淄博市	张店区	370300
淄博市	博山区	370300
淄博市	临淄区	370300
淄博市	周村区	370300
淄博市	桓台县	370321
淄博市	高青县	370322
淄博市	沂源县	370323
枣庄市	市中区	370400
枣庄市	薛城区	370400
枣庄市	峄城区	370400
枣庄市	台儿庄区	370400
枣庄市	山亭区	370400
枣庄市	滕州市	370481
东营市	东营区	370500
东营市	河口区	370500
东营市	垦利区	370500
东营市	利津县	370522
东营市	广饶县	370523
烟台市	芝罘区	370600
烟台市	福山区	370600
烟台市	牟平区	370600
烟台市	莱山区	370600
烟台市	长岛县	370634
烟台市	龙口市	370681
烟台市	莱阳市	370682
烟台市	莱州市	370683
烟台市	蓬莱市	370684
烟台市	招远市	370685
烟台市	栖霞市	370686
烟台市	海阳市	370687
潍坊市	潍城区	370700
潍坊市	寒亭区	370700
潍坊市	坊子区	370700
潍坊市	奎文区	370700
潍坊市	临朐县	370724
潍坊市	昌乐县	370725
潍坊市	青州市	370781
潍坊市	诸城市	370782
潍坊市	寿光市	370783
潍坊市	安丘市	370784
潍坊市	高密市	370785
潍坊市	昌邑市	370786
济宁市	任城区	370800
济宁市	兖州区	370800
济宁市	微山县	370826
济宁市	鱼台县	370827
济宁市	金乡县	370828
济宁市	嘉祥县	370829
济宁市	汶上县	370830
济宁市	泗水县	370831
济宁市	梁山县	370832
济宁市	曲阜市	370881
济宁市	邹城市	370883
泰安市	泰山区	370900
泰安市	岱岳区	370900
泰安市	宁阳县	370921
泰安市	东平县	370923
泰安市	新泰市	370982
泰安市	肥城市	370983
威海市	环翠区	371000
威海市	文登区	371000
威海市	荣成市	371082
威海市	乳山市	371083
日照市	东港区	371100
日照市	岚山区	371100
日照市	五莲县	371121
日照市	莒县	371122
临沂市	兰山区	371300
临沂市	罗庄区	371300
临沂市	河东区	371300
临沂市	沂南县	371321
临沂市	郯城县	371322
临沂市	沂水县	371323
临沂市	兰陵县	371324
临沂市	费县	371325
临沂市	平邑县	371326
临沂市	莒南县	371327
临沂市	蒙阴县	371328
临沂市	临沭县	371329
德州市	德城区	371400
德州市	陵城区	371400
德州市	宁津县	371422
德州市	庆云县	371423
德州市	临邑县	371424
德州市	齐河县	371425
德州市	平原县	371426
德州市	夏津县	371427
德州市	武城县	371428
德州市	乐陵市	371481
德州市	禹城市	371482
聊城市	东昌府区	371500
聊城市	茌平区	371500
聊城市	阳谷县	371521
聊城市	莘县	371522
聊城市	东阿县	371524
聊城市	冠县	371525
聊城市	高唐县	371526
聊城市	临清市	371581
滨州市	滨城区	371600
滨州市	沾化区	371600
滨州市	惠民县	371621
滨州市	阳信县	371622
滨州市	无棣县	371623
滨州市	博兴县	371625
滨州市	邹平市	371681
菏泽市	牡丹区	371700
菏泽市	定陶区	371700
菏泽市	曹县	371721
菏泽市	单县	371722
菏泽市	成武县	371723
菏泽市	巨野县	371724
菏泽市	郓城县	371725
菏泽市	鄄城县	371726
菏泽市	东明县	371728
郑州市	中原区	410100
郑州市	二七区	410100
郑州市	管城回族区	410100
郑州市	金水区	410100
郑州市	上街区	410100
郑州市	惠济区	410100
郑州市	中牟县	410122
郑州市	巩义市	410181
郑州市	荥阳市	410182
郑州市	新密市	410183
郑州市	新郑市	410184
郑州市	登封市	410185
开封市	龙亭区	410200
开封市	顺河回族区	410200
开封市	鼓楼区	410200
开封市	禹王台区	410200
开封市	祥符区	410200
开封市	杞县	410221
开封市	通许县	410222
开封市	尉氏县	410223
开封市	兰考县	410225
洛阳市	老城区	410300
洛阳市	西工区	410300
洛阳市	瀍河回族区	410300
洛阳市	涧西区	410300
洛阳市	吉利区	410300
洛阳市	洛龙区	410300
洛阳市	孟津县	410322
洛阳市	新安县	410323
洛阳市	栾川县	410324
洛阳市	嵩县	410325
洛阳市	汝阳县	410326
洛阳市	宜阳县	410327
洛阳市	洛宁县	410328
洛阳市	伊川县	410329
洛阳市	偃师市	410381
平顶山市	新华区	410400
平顶山市	卫东区	410400
平顶山市	石龙区	410400
平顶山市	湛河区	410400
平顶山市	宝丰县	410421
平顶山市	叶县	410422
平顶山市	鲁山县	410423
平顶山市	郏县	410425
平顶山市	舞钢市	410481
平顶山市	汝州市	410482
安阳市	文峰区	410500
安阳市	北关区	410500
安阳市	殷都区	410500
安阳市	龙安区	410500
安阳市	安阳县	410522
安阳市	汤阴县	410523
安阳市	滑县	410526
安阳市	内黄县	410527
安阳市	林州市	410581
鹤壁市	鹤山区	410600
鹤壁市	山城区	410600
鹤壁市	淇滨区	410600
鹤壁市	浚县	410621
鹤壁市	淇县	410622
新乡市	红旗区	410700
新乡市	卫滨区	410700
新乡市	凤泉区	410700
新乡市	牧野区	410700
新乡市	新乡县	410721
新乡市	获嘉县	410724
新乡市	原阳县	410725
新乡市	延津县	410726
新乡市	封丘县	410727
新乡市	卫辉市	410781
新乡市	辉县市	410782
新乡市	长垣市	410783
焦作市	解放区	410800
焦作市	中站区	410800
焦作市	马村区	410800
焦作市	山阳区	410800
焦作市	修武县	410821
焦作市	博爱县	410822
焦作市	武陟县	410823
焦作市	温县	410825
焦作市	沁阳市	410882
焦作市	孟州市	410883
濮阳市	华龙区	410900
濮阳市	清丰县	410922
濮阳市	南乐县	410923
濮阳市	范县	410926
濮阳市	台前县	410927
濮阳市	濮阳县	410928
许昌市	魏都区	411000
许昌市	建安区	411000
许昌市	鄢陵县	411024
许昌市	襄城县	411025
许昌市	禹州市	411081
许昌市	长葛市	411082
漯河市	源汇区	411100
漯河市	郾城区	411100
漯河市	召陵区	411100
漯河市	舞阳县	411121
漯河市	临颍县	411122
三门峡市	湖滨区	411200
三门峡市	陕州区	411200
三门峡市	渑池县	411221
三门峡市	卢氏县	411224
三门峡市	义马市	411281
三门峡市	灵宝市	411282
南阳市	宛城区	411300
南阳市	卧龙区	411300
南阳市	南召县	411321
南阳市	方城县	411322
南阳市	西峡县	411323
南阳市	镇平县	411324
南阳市	内乡县	411325
南阳市	淅川县	411326
南阳市	社旗县	411327
南阳市	唐河县	411328
南阳市	新野县	411329
南阳市	桐柏县	411330
南阳市	邓州市	411381
商丘市	梁园区	411400
商丘市	睢阳区	411400
商丘市	民权县	411421
商丘市	睢县	411422
商丘市	宁陵县	411423
商丘市	柘城县	411424
商丘市	虞城县	411425
商丘市	夏邑县	411426
商丘市	永城市	411481
信阳市	浉河区	411500
信阳市	平桥区	411500
信阳市	罗山县	411521
信阳市	光山县	411522
信阳市	新县	411523
信阳市	商城县	411524
信阳市	固始县	411525
信阳市	潢川县	411526
信阳市	淮滨县	411527
信阳市	息县	411528
周口市	川汇区	411600
周口市	淮阳区	411600
周口市	扶沟县	411621
周口市	西华县	411622
周口市	商水县	411623
周口市	沈丘县	411624
周口市	郸城县	411625
周口市	太康县	411627
周口市	鹿邑县	411628
周口市	项城市	411681
驻马店市	驿城区	411700
驻马店市	西平县	411721
驻马店市	上蔡县	411722
驻马店市	平舆县	411723
驻马店市	正阳县	411724
驻马店市	确山县	411725
驻马店市	泌阳县	411726
驻马店市	汝南县	411727
驻马店市	遂平县	411728
驻马店市	新蔡县	411729
济源市	济源市	419001
武汉市	江岸区	420100
武汉市	江汉区	420100
武汉市	硚口区	420100
武汉市	汉阳区	420100
武汉市	武昌区	420100
武汉市	青山区	420100
武汉市	洪山区	420100
武汉市	东西湖区	420100
武汉市	汉南区	420100
武汉市	蔡甸区	420100
武汉市	江夏区	420100
武汉市	黄陂区	420100
武汉市	新洲区	420100
黄石市	黄石港区	420200
黄石市	西塞山区	420200
黄石市	下陆区	420200
黄石市	铁山区	420200
黄石市	阳新县	420222
黄石市	大冶市	420281
十堰市	茅箭区	420300
十堰市	张湾区	420300
十堰市	郧阳区	420300
十堰市	郧西县	420322
十堰市	竹山县	420323
十堰市	竹溪县	420324
十堰市	房县	420325
十堰市	丹江口市	420381
宜昌市	西陵区	420500
宜昌市	伍家岗区	420500
宜昌市	点军区	420500
宜昌市	猇亭区	420500
宜昌市	夷陵区	420500
宜昌市	远安县	420525
宜昌市	兴山县	420526
宜昌市	秭归县	420527
宜昌市	长阳土家族自治县	420528
宜昌市	五峰土家族自治县	420529
宜昌市	宜都市	420581
宜昌市	当阳市	420582
宜昌市	枝江市	420583
襄阳市	襄城区	420600
襄阳市	樊城区	420600
襄阳市	襄州区	420600
襄阳市	南漳县	420624
襄阳市	谷城县	420625
襄阳市	保康县	420626
襄阳市	老河口市	420682
襄阳市	枣阳市	420683
襄阳市	宜城市	420684
鄂州市	梁子湖区	420700
鄂州市	华容区	420700
鄂州市	鄂城区	420700
荆门市	东宝区	420800
荆门市	掇刀区	420800
荆门市	沙洋县	420822
荆门市	钟祥市	420881
荆门市	京山市	420882
孝感市	孝南区	420900
孝感市	孝昌县	420921
孝感市	大悟县	420922
孝感市	云梦县	420923
孝感市	应城市	420981
孝感市	安陆市	420982
孝感市	汉川市	420984
荆州市	沙市区	421000
荆州市	荆州区	421000
荆州市	公安县	421022
荆州市	监利县	421023
荆州市	江陵县	421024
荆州市	石首市	421081
荆州市	洪湖市	421083
荆州市	松滋市	421087
黄冈市	黄州区	421100
黄冈市	团风县	421121
黄冈市	红安县	421122
黄冈市	罗田县	421123
黄冈市	英山县	421124
黄冈市	浠水县	421125
黄冈市	蕲春县	421126
黄冈市	黄梅县	421127
黄冈市	麻城市	421181
黄冈市	武穴市	421182
咸宁市	咸安区	421200
咸宁市	嘉鱼县	421221
咸宁市	通城县	421222
咸宁市	崇阳县	421223
咸宁市	通山县	421224
咸宁市	赤壁市	421281
随州市	曾都区	421300
随州市	随县	421321
随州市	广水市	421381
恩施土家族苗族自治州	恩施市	422800
恩施土家族苗族自治州	利川市	422800
恩施土家族苗族自治州	建始县	422822
恩施土家族苗族自治州	巴东县	422823
恩施土家族苗族自治州	宣恩县	422825
恩施土家族苗族自治州	咸丰县	422826
恩施土家族苗族自治州	来凤县	422827
恩施土家族苗族自治州	鹤峰县	422828
仙桃市	仙桃市	429004
潜江市	潜江市	429005
天门市	天门市	429006
神农架林区	神农架林区	429021
长沙市	芙蓉区	430100
长沙市	天心区	430100
长沙市	岳麓区	430100
长沙市	开福区	430100
长沙市	雨花区	430100
长沙市	望城区	430100
长沙市	长沙县	430121
长沙市	浏阳市	430181
长沙市	宁乡市	430182
株洲市	荷塘区	430200
株洲市	芦淞区	430200
株洲市	石峰区	430200
株洲市	天元区	430200
株洲市	渌口区	430200
株洲市	攸县	430223
株洲市	茶陵县	430224
株洲市	炎陵县	430225
株洲市	醴陵市	430281
湘潭市	雨湖区	430300
湘潭市	岳塘区	430300
湘潭市	湘潭县	430321
湘潭市	湘乡市	430381
湘潭市	韶山市	430382
衡阳市	珠晖区	430400
衡阳市	雁峰区	430400
衡阳市	石鼓区	430400
衡阳市	蒸湘区	430400
衡阳市	南岳区	430400
衡阳市	衡阳县	430421
衡阳市	衡南县	430422
衡阳市	衡山县	430423
衡阳市	衡东县	430424
衡阳市	祁东县	430426
衡阳市	耒阳市	430481
衡阳市	常宁市	430482
邵阳市	双清区	430500
邵阳市	大祥区	430500
邵阳市	北塔区	430500
邵阳市	新邵县	430522
邵阳市	邵阳县	430523
邵阳市	隆回县	430524
邵阳市	洞口县	430525
邵阳市	绥宁县	430527
邵阳市	新宁县	430528
邵阳市	城步苗族自治县	430529
邵阳市	武冈市	430581
邵阳市	邵东市	430582
岳阳市	岳阳楼区	430600
岳阳市	云溪区	430600
岳阳市	君山区	430600
岳阳市	岳阳县	430621
岳阳市	华容县	430623
岳阳市	湘阴县	430624
岳阳市	平江县	430626
岳阳市	汨罗市	430681
岳阳市	临湘市	430682
常德市	武陵区	430700
常德市	鼎城区	430700
常德市	安乡县	430721
常德市	汉寿县	430722
常德市	澧县	430723
常德市	临澧县	430724
常德市	桃源县	430725
常德市	石门县	430726
常德市	津市市	430781
张家界市	永定区	430800
张家界市	武陵源区	430800
张家界市	慈利县	430821
张家界市	桑植县	430822
益阳市	资阳区	430900
益阳市	赫山区	430900
益阳市	南县	430921
益阳市	桃江县	430922
益阳市	安化县	430923
益阳市	沅江市	430981
郴州市	北湖区	431000
郴州市	苏仙区	431000
郴州市	桂阳县	431021
郴州市	宜章县	431022
郴州市	永兴县	431023
郴州市	嘉禾县	431024
郴州市	临武县	431025
郴州市	汝城县	431026
郴州市	桂东县	431027
郴州市	安仁县	431028
郴州市	资兴市	431081
永州市	零陵区	431100
永州市	冷水滩区	431100
永州市	祁阳县	431121
永州市	东安县	431122
永州市	双牌县	431123
永州市	道县	431124
永州市	江永县	431125
永州市	宁远县	431126
永州市	蓝山县	431127
永州市	新田县	431128
永州市	江华瑶族自治县	431129
怀化市	鹤城区	431200
怀化市	中方县	431221
怀化市	沅陵县	431222
怀化市	辰溪县	431223
怀化市	溆浦县	431224
怀化市	会同县	431225
怀化市	麻阳苗族自治县	431226
怀化市	新晃侗族自治县	431227
怀化市	芷江侗族自治县	431228
怀化市	靖州苗族侗族自治县	431229
怀化市	通道侗族自治县	431230
怀化市	洪江市	431281
娄底市	娄星区	431300
娄底市	双峰县	431321
娄底市	新化县	431322
娄底市	冷水江市	431381
娄底市	涟源市	431382
湘西土家族苗族自治州	吉首市	433100
湘西土家族苗族自治州	泸溪县	433122
湘西土家族苗族自治州	凤凰县	433123
湘西土家族苗族自治州	花垣县	433124
湘西土家族苗族自治州	保靖县	433125
湘西土家族苗族自治州	古丈县	433126
湘西土家族苗族自治州	永顺县	433127
湘西土家族苗族自治州	龙山县	433130
广州市	荔湾区	440100
广州市	越秀区	440100
广州市	海珠区	440100
广州市	天河区	440100
广州市	白云区	440100
广州市	黄埔区	440100
广州市	番禺区	440100
广州市	花都区	440100
广州市	南沙区	440100
广州市	从化区	440100
广州市	增城区	440100
韶关市	武江区	440200
韶关市	浈江区	440200
韶关市	曲江区	440200
韶关市	始兴县	440222
韶关市	仁化县	440224
韶关市	翁源县	440229
韶关市	乳源瑶族自治县	440232
韶关市	新丰县	440233
韶关市	乐昌市	440281
韶关市	南雄市	440282
深圳市	罗湖区	440300
深圳市	福田区	440300
深圳市	南山区	440300
深圳市	宝安区	440300
深圳市	龙岗区	440300
深圳市	盐田区	440300
深圳市	龙华区	440300
深圳市	坪山区	440300
深圳市	光明区	440300
珠海市	香洲区	440400
珠海市	斗门区	440400
珠海市	金湾区	440400
汕头市	龙湖区	440500
汕头市	金平区	440500
汕头市	濠江区	440500
汕头市	潮阳区	440500
汕头市	潮南区	440500
汕头市	澄海区	440500
汕头市	南澳县	440523
佛山市	禅城区	440600
佛山市	南海区	440600
佛山市	顺德区	440600
佛山市	三水区	440600
佛山市	高明区	440600
江门市	蓬江区	440700
江门市	江海区	440700
江门市	新会区	440700
江门市	台山市	440781
江门市	开平市	440783
江门市	鹤山市	440784
江门市	恩平市	440785
湛江市	赤坎区	440800
湛江市	霞山区	440800
湛江市	坡头区	440800
湛江市	麻章区	440800
湛江市	遂溪县	440823
湛江市	徐闻县	440825
湛江市	廉江市	440881
湛江市	雷州市	440882
湛江市	吴川市	440883
茂名市	茂南区	440900
茂名市	电白区	440900
茂名市	高州市	440981
茂名市	化州市	440982
茂名市	信宜市	440983
肇庆市	端州区	441200
肇庆市	鼎湖区	441200
肇庆市	高要区	441200
肇庆市	广宁县	441223
肇庆市	怀集县	441224
肇庆市	封开县	441225
肇庆市	德庆县	441226
肇庆市	四会市	441284
惠州市	惠城区	441300
惠州市	惠阳区	441300
惠州市	博罗县	441322
惠州市	惠东县	441323
惠州市	龙门县	441324
梅州市	梅江区	441400
梅州市	梅县区	441400
梅州市	大埔县	441422
梅州市	丰顺县	441423
梅州市	五华县	441424
梅州市	平远县	441426
梅州市	蕉岭县	441427
梅州市	兴宁市	441481
汕尾市	城区	441500
汕尾市	海丰县	441521
汕尾市	陆河县	441523
汕尾市	陆丰市	441581
河源市	源城区	441600
河源市	紫金县	441621
河源市	龙川县	441622
河源市	连平县	441623
河源市	和平县	441624
河源市	东源县	441625
阳江市	江城区	441700
阳江市	阳东区	441700
阳江市	阳西县	441721
阳江市	阳春市	441781
清远市	清城区	441800
清远市	清新区	441800
清远市	佛冈县	441821
清远市	阳山县	441823
清远市	连山壮族瑶族自治县	441825
清远市	连南瑶族自治县	441826
清远市	英德市	441881
清远市	连州市	441882
东莞市	东莞市	441900
中山市	中山市	442000
潮州市	湘桥区	445100
潮州市	潮安区	445100
潮州市	饶平县	445122
揭阳市	榕城区	445200
揭阳市	揭东区	445200
揭阳市	揭西县	445222
揭阳市	惠来县	445224
揭阳市	普宁市	445281
云浮市	云城区	445300
云浮市	云安区	445300
云浮市	新兴县	445321
云浮市	郁南县	445322
云浮市	罗定市	445381
南宁市	兴宁区	450100
南宁市	青秀区	450100
南宁市	江南区	450100
南宁市	西乡塘区	450100
南宁市	良庆区	450100
南宁市	邕宁区	450100
南宁市	武鸣区	450100
南宁市	隆安县	450123
南宁市	马山县	450124
南宁市	上林县	450125
南宁市	宾阳县	450126
南宁市	横县	450127
柳州市	城中区	450200
柳州市	鱼峰区	450200
柳州市	柳南区	450200
柳州市	柳北区	450200
柳州市	柳江区	450200
柳州市	柳城县	450222
柳州市	鹿寨县	450223
柳州市	融安县	450224
柳州市	融水苗族自治县	450225
柳州市	三江侗族自治县	450226
桂林市	秀峰区	450300
桂林市	叠彩区	450300
桂林市	象山区	450300
桂林市	七星区	450300
桂林市	雁山区	450300
桂林市	临桂区	450300
桂林市	阳朔县	450321
桂林市	灵川县	450323
桂林市	全州县	450324
桂林市	兴安县	450325
桂林市	永福县	450326
桂林市	灌阳县	450327
桂林市	龙胜各族自治县	450328
桂林市	资源县	450329
桂林市	平乐县	450330
桂林市	恭城瑶族自治县	450332
桂林市	荔浦市	450381
梧州市	万秀区	450400
梧州市	长洲区	450400
梧州市	龙圩区	450400
梧州市	苍梧县	450421
梧州市	藤县	450422
梧州市	蒙山县	450423
梧州市	岑溪市	450481
北海市	海城区	450500
北海市	银海区	450500
北海市	铁山港区	450500
北海市	合浦县	450521
防城港市	港口区	450600
防城港市	防城区	450600
防城港市	上思县	450621
防城港市	东兴市	450681
钦州市	钦南区	450700
钦州市	钦北区	450700
钦州市	灵山县	450721
钦州市	浦北县	450722
贵港市	港北区	450800
贵港市	港南区	450800
贵港市	覃塘区	450800
贵港市	平南县	450821
贵港市	桂平市	450881
玉林市	玉州区	450900
玉林市	福绵区	450900
玉林市	容县	450921
玉林市	陆川县	450922
玉林市	博白县	450923
玉林市	兴业县	450924
玉林市	北流市	450981
百色市	右江区	451000
百色市	田阳区	451021
百色市	田东县	451022
百色市	平果县	451023
百色市	德保县	451024
百色市	那坡县	451026
百色市	凌云县	451027
百色市	乐业县	451028
百色市	田林县	451029
百色市	西林县	451030
百色市	隆林各族自治县	451031
百色市	靖西市	451081
贺州市	八步区	451100
贺州市	平桂区	451100
贺州市	昭平县	451121
贺州市	钟山县	451122
贺州市	富川瑶族自治县	451123
河池市	金城江区	451200
河池市	宜州区	451200
河池市	南丹县	451221
河池市	天峨县	451222
河池市	凤山县	451223
河池市	东兰县	451224
河池市	罗城仫佬族自治县	451225
河池市	环江毛南族自治县	451226
河池市	巴马瑶族自治县	451227
河池市	都安瑶族自治县	451228
河池市	大化瑶族自治县	451229
来宾市	兴宾区	451300
来宾市	忻城县	451321
来宾市	象州县	451322
来宾市	武宣县	451323
来宾市	金秀瑶族自治县	451324
来宾市	合山市	451381
崇左市	江州区	451400
崇左市	扶绥县	451421
崇左市	宁明县	451422
崇左市	龙州县	451423
崇左市	大新县	451424
崇左市	天等县	451425
崇左市	凭祥市	451481
海口市	秀英区	460100
海口市	龙华区	460100
海口市	琼山区	460100
海口市	美兰区	460100
三亚市	海棠区	460200
三亚市	吉阳区	460200
三亚市	天涯区	460200
三亚市	崖州区	460200
三沙市	西沙群岛	460300
三沙市	南沙群岛	460300
儋州市	儋州市	460400
五指山市	五指山市	469001
琼海市	琼海市	469002
文昌市	文昌市	469005
万宁市	万宁市	469006
东方市	东方市	469007
定安县	定安县	469021
屯昌县	屯昌县	469022
澄迈县	澄迈县	469023
临高县	临高县	469024
白沙黎族自治县	白沙黎族自治县	469025
昌江黎族自治县	昌江黎族自治县	469026
乐东黎族自治县	乐东黎族自治县	469027
陵水黎族自治县	陵水黎族自治县	469028
保亭黎族苗族自治县	保亭黎族苗族自治县	469029
琼中黎族苗族自治县	琼中黎族苗族自治县	469030
重庆市	万州区	500100
重庆市	涪陵区	500100
重庆市	渝中区	500100
重庆市	大渡口区	500100
重庆市	江北区	500100
重庆市	沙坪坝区	500100
重庆市	九龙坡区	500100
重庆市	南岸区	500100
重庆市	北碚区	500100
重庆市	綦江区	500100
重庆市	大足区	500100
重庆市	渝北区	500100
重庆市	巴南区	500100
重庆市	黔江区	500100
重庆市	长寿区	500100
重庆市	江津区	500100
重庆市	合川区	500100
重庆市	永川区	500100
重庆市	南川区	500100
重庆市	璧山区	500100
重庆市	铜梁区	500151
重庆市	潼南区	500152
重庆市	荣昌区	500153
重庆市	开州区	500154
重庆市	梁平区	500155
重庆市	武隆区	500156
重庆市	城口县	500229
重庆市	丰都县	500230
重庆市	垫江县	500231
重庆市	忠县	500233
重庆市	云阳县	500235
重庆市	奉节县	500236
重庆市	巫山县	500237
重庆市	巫溪县	500238
重庆市	石柱土家族自治县	500240
重庆市	秀山土家族苗族自治县	500241
重庆市	酉阳土家族苗族自治县	500242
重庆市	彭水苗族土家族自治县	500243
成都市	锦江区	510100
成都市	青羊区	510100
成都市	金牛区	510100
成都市	武侯区	510100
成都市	成华区	510100
成都市	龙泉驿区	510100
成都市	青白江区	510100
成都市	新都区	510100
成都市	温江区	510100
成都市	双流区	510100
成都市	郫都区	510100
成都市	金堂县	510121
成都市	大邑县	510129
成都市	蒲江县	510131
成都市	新津县	510132
成都市	都江堰市	510181
成都市	彭州市	510182
成都市	邛崃市	510183
成都市	崇州市	510184
成都市	简阳市	510185
自贡市	自流井区	510300
自贡市	贡井区	510300
自贡市	大安区	510300
自贡市	沿滩区	510300
自贡市	荣县	510321
自贡市	富顺县	510322
攀枝花市	东区	510400
攀枝花市	西区	510400
攀枝花市	仁和区	510400
攀枝花市	米易县	510421
攀枝花市	盐边县	510422
泸州市	江阳区	510500
泸州市	纳溪区	510500
泸州市	龙马潭区	510500
泸州市	泸县	510521
泸州市	合江县	510522
泸州市	叙永县	510524
泸州市	古蔺县	510525
德阳市	旌阳区	510600
德阳市	罗江区	510600
德阳市	中江县	510623
德阳市	广汉市	510681
德阳市	什邡市	510682
德阳市	绵竹市	510683
绵阳市	涪城区	510700
绵阳市	游仙区	510700
绵阳市	安州区	510700
绵阳市	三台县	510722
绵阳市	盐亭县	510723
绵阳市	梓潼县	510725
绵阳市	北川羌族自治县	510726
绵阳市	平武县	510727
绵阳市	江油市	510781
广元市	利州区	510800
广元市	昭化区	510800
广元市	朝天区	510800
广元市	旺苍县	510821
广元市	青川县	510822
广元市	剑阁县	510823
广元市	苍溪县	510824
遂宁市	船山区	510900
遂宁市	安居区	510900
遂宁市	蓬溪县	510921
遂宁市	大英县	510923
遂宁市	射洪市	510981
内江市	市中区	511000
内江市	东兴区	511000
内江市	威远县	511024
内江市	资中县	511025
内江市	隆昌市	511083
乐山市	市中区	511100
乐山市	沙湾区	511100
乐山市	五通桥区	511100
乐山市	金口河区	511100
乐山市	犍为县	511123
乐山市	井研县	511124
乐山市	夹江县	511126
乐山市	沐川县	511129
乐山市	峨边彝族自治县	511132
乐山市	马边彝族自治县	511133
乐山市	峨眉山市	511181
南充市	顺庆区	511300
南充市	高坪区	511300
南充市	嘉陵区	511300
南充市	南部县	511321
南充市	营山县	511322
南充市	蓬安县	511323
南充市	仪陇县	511324
南充市	西充县	511325
南充市	阆中市	511381
眉山市	东坡区	511400
眉山市	彭山区	511400
眉山市	仁寿县	511421
眉山市	洪雅县	511423
眉山市	丹棱县	511424
眉山市	青神县	511425
宜宾市	翠屏区	511500
宜宾市	南溪区	511500
宜宾市	叙州区	511500
宜宾市	江安县	511523
宜宾市	长宁县	511524
宜宾市	高县	511525
宜宾市	珙县	511526
宜宾市	筠连县	511527
宜宾市	兴文县	511528
宜宾市	屏山县	511529
广安市	广安区	511600
广安市	前锋区	511600
广安市	岳池县	511621
广安市	武胜县	511622
广安市	邻水县	511623
广安市	华蓥市	511681
达州市	通川区	511700
达州市	达川区	511700
达州市	宣汉县	511722
达州市	开江县	511723
达州市	大竹县	511724
达州市	渠县	511725
达州市	万源市	511781
雅安市	雨城区	511800
雅安市	名山区	511800
雅安市	荥经县	511822
雅安市	汉源县	511823
雅安市	石棉县	511824
雅安市	天全县	511825
雅安市	芦山县	511826
雅安市	宝兴县	511827
巴中市	巴州区	511900
巴中市	恩阳区	511900
巴中市	通江县	511921
巴中市	南江县	511922
巴中市	平昌县	511923
资阳市	雁江区	512000
资阳市	安岳县	512021
资阳市	乐至县	512022
阿坝藏族羌族自治州	马尔康市	513200
阿坝藏族羌族自治州	汶川县	513221
阿坝藏族羌族自治州	理县	513222
阿坝藏族羌族自治州	茂县	513223
阿坝藏族羌族自治州	松潘县	513224
阿坝藏族羌族自治州	九寨沟县	513225
阿坝藏族羌族自治州	金川县	513226
阿坝藏族羌族自治州	小金县	513227
阿坝藏族羌族自治州	黑水县	513228
阿坝藏族羌族自治州	壤塘县	513230
阿坝藏族羌族自治州	阿坝县	513231
阿坝藏族羌族自治州	若尔盖县	513232
阿坝藏族羌族自治州	红原县	513233
甘孜藏族自治州	康定市	513300
甘孜藏族自治州	泸定县	513322
甘孜藏族自治州	丹巴县	513323
甘孜藏族自治州	九龙县	513324
甘孜藏族自治州	雅江县	513325
甘孜藏族自治州	道孚县	513326
甘孜藏族自治州	炉霍县	513327
甘孜藏族自治州	甘孜县	513328
甘孜藏族自治州	新龙县	513329
甘孜藏族自治州	德格县	513330
甘孜藏族自治州	白玉县	513331
甘孜藏族自治州	石渠县	513332
甘孜藏族自治州	色达县	513333
甘孜藏族自治州	理塘县	513334
甘孜藏族自治州	巴塘县	513335
甘孜藏族自治州	乡城县	513336
甘孜藏族自治州	稻城县	513337
甘孜藏族自治州	得荣县	513338
凉山彝族自治州	西昌市	513400
凉山彝族自治州	木里藏族自治县	513422
凉山彝族自治州	盐源县	513423
凉山彝族自治州	德昌县	513424
凉山彝族自治州	会理县	513425
凉山彝族自治州	会东县	513426
凉山彝族自治州	宁南县	513427
凉山彝族自治州	普格县	513428
凉山彝族自治州	布拖县	513429
凉山彝族自治州	金阳县	513430
凉山彝族自治州	昭觉县	513431
凉山彝族自治州	喜德县	513432
凉山彝族自治州	冕宁县	513433
凉山彝族自治州	越西县	513434
凉山彝族自治州	甘洛县	513435
凉山彝族自治州	美姑县	513436
凉山彝族自治州	雷波县	513437
贵阳市	南明区	520100
贵阳市	云岩区	520100
贵阳市	花溪区	520100
贵阳市	乌当区	520100
贵阳市	白云区	520100
贵阳市	观山湖区	520100
贵阳市	开阳县	520121
贵阳市	息烽县	520122
贵阳市	修文县	520123
贵阳市	清镇市	520181
六盘水市	钟山区	520200
六盘水市	六枝特区	520200
六盘水市	水城县	520221
六盘水市	盘州市	520281
遵义市	红花岗区	520300
遵义市	汇川区	520300
遵义市	播州区	520300
遵义市	桐梓县	520322
遵义市	绥阳县	520323
遵义市	正安县	520324
遵义市	道真仡佬族苗族自治县	520325
遵义市	务川仡佬族苗族自治县	520326
遵义市	凤冈县	520327
遵义市	湄潭县	520328
遵义市	余庆县	520329
遵义市	习水县	520330
遵义市	赤水市	520381
遵义市	仁怀市	520382
安顺市	西秀区	520400
安顺市	平坝区	520400
安顺市	普定县	520422
安顺市	镇宁布依族苗族自治县	520423
安顺市	关岭布依族苗族自治县	520424
安顺市	紫云苗族布依族自治县	520425
毕节市	七星关区	520500
毕节市	大方县	520521
毕节市	黔西县	520522
毕节市	金沙县	520523
毕节市	织金县	520524
毕节市	纳雍县	520525
毕节市	威宁彝族回族苗族自治县	520526
毕节市	赫章县	520527
铜仁市	碧江区	520600
铜仁市	万山区	520600
铜仁市	江口县	520621
铜仁市	玉屏侗族自治县	520622
铜仁市	石阡县	520623
铜仁市	思南县	520624
铜仁市	印江土家族苗族自治县	520625
铜仁市	德江县	520626
铜仁市	沿河土家族自治县	520627
铜仁市	松桃苗族自治县	520628
黔西南布依族苗族自治州	兴义市	522300
黔西南布依族苗族自治州	兴仁市	522300
黔西南布依族苗族自治州	普安县	522323
黔西南布依族苗族自治州	晴隆县	522324
黔西南布依族苗族自治州	贞丰县	522325
黔西南布依族苗族自治州	望谟县	522326
黔西南布依族苗族自治州	册亨县	522327
黔西南布依族苗族自治州	安龙县	522328
黔东南苗族侗族自治州	凯里市	522600
黔东南苗族侗族自治州	黄平县	522622
黔东南苗族侗族自治州	施秉县	522623
黔东南苗族侗族自治州	三穗县	522624
黔东南苗族侗族自治州	镇远县	522625
黔东南苗族侗族自治州	岑巩县	522626
黔东南苗族侗族自治州	天柱县	522627
黔东南苗族侗族自治州	锦屏县	522628
黔东南苗族侗族自治州	剑河县	522629
黔东南苗族侗族自治州	台江县	522630
黔东南苗族侗族自治州	黎平县	522631
黔东南苗族侗族自治州	榕江县	522632
黔东南苗族侗族自治州	从江县	522633
黔东南苗族侗族自治州	雷山县	522634
黔东南苗族侗族自治州	麻江县	522635
黔东南苗族侗族自治州	丹寨县	522636
黔南布依族苗族自治州	都匀市	522700
黔南布依族苗族自治州	福泉市	522700
黔南布依族苗族自治州	荔波县	522722
黔南布依族苗族自治州	贵定县	522723
黔南布依族苗族自治州	瓮安县	522725
黔南布依族苗族自治州	独山县	522726
黔南布依族苗族自治州	平塘县	522727
黔南布依族苗族自治州	罗甸县	522728
黔南布依族苗族自治州	长顺县	522729
黔南布依族苗族自治州	龙里县	522730
黔南布依族苗族自治州	惠水县	522731
黔南布依族苗族自治州	三都水族自治县	522732
昆明市	五华区	530100
昆明市	盘龙区	530100
昆明市	官渡区	530100
昆明市	西山区	530100
昆明市	东川区	530100
昆明市	呈贡区	530100
昆明市	晋宁区	530100
昆明市	富民县	530124
昆明市	宜良县	530125
昆明市	石林彝族自治县	530126
昆明市	嵩明县	530127
昆明市	禄劝彝族苗族自治县	530128
昆明市	寻甸回族彝族自治县	530129
昆明市	安宁市	530181
曲靖市	麒麟区	530300
曲靖市	沾益区	530300
曲靖市	马龙区	530300
曲靖市	陆良县	530322
曲靖市	师宗县	530323
曲靖市	罗平县	530324
曲靖市	富源县	530325
曲靖市	会泽县	530326
曲靖市	宣威市	530381
玉溪市	红塔区	530400
玉溪市	江川区	530400
玉溪市	澄江县	530422
玉溪市	通海县	530423
玉溪市	华宁县	530424
玉溪市	易门县	530425
玉溪市	峨山彝族自治县	530426
玉溪市	新平彝族傣族自治县	530427
玉溪市	元江哈尼族彝族傣族自治县	530428
保山市	隆阳区	530500
保山市	施甸县	530521
保山市	龙陵县	530523
保山市	昌宁县	530524
保山市	腾冲市	530581
昭通市	昭阳区	530600
昭通市	鲁甸县	530621
昭通市	巧家县	530622
昭通市	盐津县	530623
昭通市	大关县	530624
昭通市	永善县	530625
昭通市	绥江县	530626
昭通市	镇雄县	530627
昭通市	彝良县	530628
昭通市	威信县	530629
昭通市	水富市	530681
丽江市	古城区	530700
丽江市	玉龙纳西族自治县	530721
丽江市	永胜县	530722
丽江市	华坪县	530723
丽江市	宁蒗彝族自治县	530724
普洱市	思茅区	530800
普洱市	宁洱哈尼族彝族自治县	530821
普洱市	墨江哈尼族自治县	530822
普洱市	景东彝族自治县	530823
普洱市	景谷傣族彝族自治县	530824
普洱市	镇沅彝族哈尼族拉祜族自治县	530825
普洱市	江城哈尼族彝族自治县	530826
普洱市	孟连傣族拉祜族佤族自治县	530827
普洱市	澜沧拉祜族自治县	530828
普洱市	西盟佤族自治县	530829
临沧市	临翔区	530900
临沧市	凤庆县	530921
临沧市	云县	530922
临沧市	永德县	530923
临沧市	镇康县	530924
临沧市	双江拉祜族佤族布朗族傣族自治县	530925
临沧市	耿马傣族佤族自治县	530926
临沧市	沧源佤族自治县	530927
楚雄彝族自治州	楚雄市	532300
楚雄彝族自治州	双柏县	532322
楚雄彝族自治州	牟定县	532323
楚雄彝族自治州	南华县	532324
楚雄彝族自治州	姚安县	532325
楚雄彝族自治州	大姚县	532326
楚雄彝族自治州	永仁县	532327
楚雄彝族自治州	元谋县	532328
楚雄彝族自治州	武定县	532329
楚雄彝族自治州	禄丰县	532331
红河哈尼族彝族自治州	个旧市	532500
红河哈尼族彝族自治州	开远市	532500
红河哈尼族彝族自治州	蒙自市	532500
红河哈尼族彝族自治州	弥勒市	532500
红河哈尼族彝族自治州	屏边苗族自治县	532523
红河哈尼族彝族自治州	建水县	532524
红河哈尼族彝族自治州	石屏县	532525
红河哈尼族彝族自治州	泸西县	532527
红河哈尼族彝族自治州	元阳县	532528
红河哈尼族彝族自治州	红河县	532529
红河哈尼族彝族自治州	金平苗族瑶族傣族自治县	532530
红河哈尼族彝族自治州	绿春县	532531
红河哈尼族彝族自治州	河口瑶族自治县	532532
文山壮族苗族自治州	文山市	532600
文山壮族苗族自治州	砚山县	532622
文山壮族苗族自治州	西畴县	532623
文山壮族苗族自治州	麻栗坡县	532624
文山壮族苗族自治州	马关县	532625
文山壮族苗族自治州	丘北县	532626
文山壮族苗族自治州	广南县	532627
文山壮族苗族自治州	富宁县	532628
西双版纳傣族自治州	景洪市	532800
西双版纳傣族自治州	勐海县	532822
西双版纳傣族自治州	勐腊县	532823
大理白族自治州	大理市	532900
大理白族自治州	漾濞彝族自治县	532922
大理白族自治州	祥云县	532923
大理白族自治州	宾川县	532924
大理白族自治州	弥渡县	532925
大理白族自治州	南涧彝族自治县	532926
大理白族自治州	巍山彝族回族自治县	532927
大理白族自治州	永平县	532928
大理白族自治州	云龙县	532929
大理白族自治州	洱源县	532930
大理白族自治州	剑川县	532931
大理白族自治州	鹤庆县	532932
德宏傣族景颇族自治州	瑞丽市	533100
德宏傣族景颇族自治州	芒市	533100
德宏傣族景颇族自治州	梁河县	533122
德宏傣族景颇族自治州	盈江县	533123
德宏傣族景颇族自治州	陇川县	533124
怒江傈僳族自治州	泸水市	533300
怒江傈僳族自治州	福贡县	533323
怒江傈僳族自治州	贡山独龙族怒族自治县	533324
怒江傈僳族自治州	兰坪白族普米族自治县	533325
迪庆藏族自治州	香格里拉市	533400
迪庆藏族自治州	德钦县	533422
迪庆藏族自治州	维西傈僳族自治县	533423
拉萨市	城关区	540100
拉萨市	堆龙德庆区	540100
拉萨市	达孜区	540100
拉萨市	林周县	540121
拉萨市	当雄县	540122
拉萨市	尼木县	540123
拉萨市	曲水县	540124
拉萨市	墨竹工卡县	540127
日喀则市	桑珠孜区	540200
日喀则市	南木林县	540221
日喀则市	江孜县	540222
日喀则市	定日县	540223
日喀则市	萨迦县	540224
日喀则市	拉孜县	540225
日喀则市	昂仁县	540226
日喀则市	谢通门县	540227
日喀则市	白朗县	540228
日喀则市	仁布县	540229
日喀则市	康马县	540230
日喀则市	定结县	540231
日喀则市	仲巴县	540232
日喀则市	亚东县	540233
日喀则市	吉隆县	540234
日喀则市	聂拉木县	540235
日喀则市	萨嘎县	540236
日喀则市	岗巴县	540237
昌都市	卡若区	540300
昌都市	江达县	540321
昌都市	贡觉县	540322
昌都市	类乌齐县	540323
昌都市	丁青县	540324
昌都市	察雅县	540325
昌都市	八宿县	540326
昌都市	左贡县	540327
昌都市	芒康县	540328
昌都市	洛隆县	540329
昌都市	边坝县	540330
林芝市	巴宜区	540400
林芝市	工布江达县	540421
林芝市	米林县	540422
林芝市	墨脱县	540423
林芝市	波密县	540424
林芝市	察隅县	540425
林芝市	朗县	540426
山南市	乃东区	540500
山南市	扎囊县	540521
山南市	贡嘎县	540522
山南市	桑日县	540523
山南市	琼结县	540524
山南市	曲松县	540525
山南市	措美县	540526
山南市	洛扎县	540527
山南市	加查县	540528
山南市	隆子县	540529
山南市	错那县	540530
山南市	浪卡子县	540531
那曲市	色尼区	540600
那曲市	嘉黎县	540621
那曲市	比如县	540622
那曲市	聂荣县	540623
那曲市	安多县	540624
那曲市	申扎县	540625
那曲市	索县	540626
那曲市	班戈县	540627
那曲市	巴青县	540628
那曲市	尼玛县	540629
那曲市	双湖县	540630
阿里地区	普兰县	542521
阿里地区	札达县	542522
阿里地区	噶尔县	542523
阿里地区	日土县	542524
阿里地区	革吉县	542525
阿里地区	改则县	542526
阿里地区	措勤县	542527
西安市	新城区	610100
西安市	碑林区	610100
西安市	莲湖区	610100
西安市	灞桥区	610100
西安市	未央区	610100
西安市	雁塔区	610100
西安市	阎良区	610100
西安市	临潼区	610100
西安市	长安区	610100
西安市	高陵区	610100
西安市	鄠邑区	610100
西安市	蓝田县	610122
西安市	周至县	610124
铜川市	王益区	610200
铜川市	印台区	610200
铜川市	耀州区	610200
铜川市	宜君县	610222
宝鸡市	渭滨区	610300
宝鸡市	金台区	610300
宝鸡市	陈仓区	610300
宝鸡市	凤翔县	610322
宝鸡市	岐山县	610323
宝鸡市	扶风县	610324
宝鸡市	眉县	610326
宝鸡市	陇县	610327
宝鸡市	千阳县	610328
宝鸡市	麟游县	610329
宝鸡市	凤县	610330
宝鸡市	太白县	610331
咸阳市	秦都区	610400
咸阳市	杨陵区	610400
咸阳市	渭城区	610400
咸阳市	三原县	610422
咸阳市	泾阳县	610423
咸阳市	乾县	610424
咸阳市	礼泉县	610425
咸阳市	永寿县	610426
咸阳市	长武县	610428
咸阳市	旬邑县	610429
咸阳市	淳化县	610430
咸阳市	武功县	610431
咸阳市	兴平市	610481
咸阳市	彬州市	610482
渭南市	临渭区	610500
渭南市	华州区	610500
渭南市	潼关县	610522
渭南市	大荔县	610523
渭南市	合阳县	610524
渭南市	澄城县	610525
渭南市	蒲城县	610526
渭南市	白水县	610527
渭南市	富平县	610528
渭南市	韩城市	610581
渭南市	华阴市	610582
延安市	宝塔区	610600
延安市	安塞区	610600
延安市	延长县	610621
延安市	延川县	610622
延安市	志丹县	610625
延安市	吴起县	610626
延安市	甘泉县	610627
延安市	富县	610628
延安市	洛川县	610629
延安市	宜川县	610630
延安市	黄龙县	610631
延安市	黄陵县	610632
延安市	子长市	610681
汉中市	汉台区	610700
汉中市	南郑区	610700
汉中市	城固县	610722
汉中市	洋县	610723
汉中市	西乡县	610724
汉中市	勉县	610725
汉中市	宁强县	610726
汉中市	略阳县	610727
汉中市	镇巴县	610728
汉中市	留坝县	610729
汉中市	佛坪县	610730
榆林市	榆阳区	610800
榆林市	横山区	610800
榆林市	府谷县	610822
榆林市	靖边县	610824
榆林市	定边县	610825
榆林市	绥德县	610826
榆林市	米脂县	610827
榆林市	佳县	610828
榆林市	吴堡县	610829
榆林市	清涧县	610830
榆林市	子洲县	610831
榆林市	神木市	610881
安康市	汉滨区	610900
安康市	汉阴县	610921
安康市	石泉县	610922
安康市	宁陕县	610923
安康市	紫阳县	610924
安康市	岚皋县	610925
安康市	平利县	610926
安康市	镇坪县	610927
安康市	旬阳县	610928
安康市	白河县	610929
商洛市	商州区	611000
商洛市	洛南县	611021
商洛市	丹凤县	611022
商洛市	商南县	611023
商洛市	山阳县	611024
商洛市	镇安县	611025
商洛市	柞水县	611026
兰州市	城关区	620100
兰州市	七里河区	620100
兰州市	西固区	620100
兰州市	安宁区	620100
兰州市	红古区	620100
兰州市	永登县	620121
兰州市	皋兰县	620122
兰州市	榆中县	620123
嘉峪关市	嘉峪关市	620200
金昌市	金川区	620300
金昌市	永昌县	620321
白银市	白银区	620400
白银市	平川区	620400
白银市	靖远县	620421
白银市	会宁县	620422
白银市	景泰县	620423
天水市	秦州区	620500
天水市	麦积区	620500
天水市	清水县	620521
天水市	秦安县	620522
天水市	甘谷县	620523
天水市	武山县	620524
天水市	张家川回族自治县	620525
武威市	凉州区	620600
武威市	民勤县	620621
武威市	古浪县	620622
武威市	天祝藏族自治县	620623
张掖市	甘州区	620700
张掖市	肃南裕固族自治县	620721
张掖市	民乐县	620722
张掖市	临泽县	620723
张掖市	高台县	620724
张掖市	山丹县	620725
平凉市	崆峒区	620800
平凉市	泾川县	620821
平凉市	灵台县	620822
平凉市	崇信县	620823
平凉市	庄浪县	620825
平凉市	静宁县	620826
平凉市	华亭市	620881
酒泉市	肃州区	620900
酒泉市	金塔县	620921
酒泉市	瓜州县	620922
酒泉市	肃北蒙古族自治县	620923
酒泉市	阿克塞哈萨克族自治县	620924
酒泉市	玉门市	620981
酒泉市	敦煌市	620982
庆阳市	西峰区	621000
庆阳市	庆城县	621021
庆阳市	环县	621022
庆阳市	华池县	621023
庆阳市	合水县	621024
庆阳市	正宁县	621025
庆阳市	宁县	621026
庆阳市	镇原县	621027
定西市	安定区	621100
定西市	通渭县	621121
定西市	陇西县	621122
定西市	渭源县	621123
定西市	临洮县	621124
定西市	漳县	621125
定西市	岷县	621126
陇南市	武都区	621200
陇南市	成县	621221
陇南市	文县	621222
陇南市	宕昌县	621223
陇南市	康县	621224
陇南市	西和县	621225
陇南市	礼县	621226
陇南市	徽县	621227
陇南市	两当县	621228
临夏回族自治州	临夏市	622900
临夏回族自治州	临夏县	622921
临夏回族自治州	康乐县	622922
临夏回族自治州	永靖县	622923
临夏回族自治州	广河县	622924
临夏回族自治州	和政县	622925
临夏回族自治州	东乡族自治县	622926
临夏回族自治州	积石山保安族东乡族撒拉族自治县	622927
甘南藏族自治州	合作市	623000
甘南藏族自治州	临潭县	623021
甘南藏族自治州	卓尼县	623022
甘南藏族自治州	舟曲县	623023
甘南藏族自治州	迭部县	623024
甘南藏族自治州	玛曲县	623025
甘南藏族自治州	碌曲县	623026
甘南藏族自治州	夏河县	623027
西宁市	城东区	630100
西宁市	城中区	630100
西宁市	城西区	630100
西宁市	城北区	630100
西宁市	大通回族土族自治县	630121
西宁市	湟中县	630122
西宁市	湟源县	630123
海东市	乐都区	630200
海东市	平安区	630200
海东市	民和回族土族自治县	630222
海东市	互助土族自治县	630223
海东市	化隆回族自治县	630224
海东市	循化撒拉族自治县	630225
海北藏族自治州	门源回族自治县	632221
海北藏族自治州	祁连县	632222
海北藏族自治州	海晏县	632223
海北藏族自治州	刚察县	632224
黄南藏族自治州	同仁县	632321
黄南藏族自治州	尖扎县	632322
黄南藏族自治州	泽库县	632323
黄南藏族自治州	河南蒙古族自治县	632324
海南藏族自治州	共和县	632521
海南藏族自治州	同德县	632522
海南藏族自治州	贵德县	632523
海南藏族自治州	兴海县	632524
海南藏族自治州	贵南县	632525
果洛藏族自治州	玛沁县	632621
果洛藏族自治州	班玛县	632622
果洛藏族自治州	甘德县	632623
果洛藏族自治州	达日县	632624
果洛藏族自治州	久治县	632625
果洛藏族自治州	玛多县	632626
玉树藏族自治州	玉树市	632700
玉树藏族自治州	杂多县	632722
玉树藏族自治州	称多县	632723
玉树藏族自治州	治多县	632724
玉树藏族自治州	囊谦县	632725
玉树藏族自治州	曲麻莱县	632726
海西蒙古族藏族自治州	格尔木市	632800
海西蒙古族藏族自治州	德令哈市	632800
海西蒙古族藏族自治州	茫崖市	632800
海西蒙古族藏族自治州	乌兰县	632821
海西蒙古族藏族自治州	都兰县	632822
海西蒙古族藏族自治州	天峻县	632823
海西蒙古族藏族自治州	海西蒙古族藏族自治州直辖	632824
银川市	兴庆区	640100
银川市	西夏区	640100
银川市	金凤区	640100
银川市	永宁县	640121
银川市	贺兰县	640122
银川市	灵武市	640181
石嘴山市	大武口区	640200
石嘴山市	惠农区	640200
石嘴山市	平罗县	640221
吴忠市	利通区	640300
吴忠市	红寺堡区	640300
吴忠市	盐池县	640323
吴忠市	同心县	640324
吴忠市	青铜峡市	640381
固原市	原州区	640400
固原市	西吉县	640422
固原市	隆德县	640423
固原市	泾源县	640424
固原市	彭阳县	640425
中卫市	沙坡头区	640500
中卫市	中宁县	640521
中卫市	海原县	640522
乌鲁木齐市	天山区	650100
乌鲁木齐市	沙依巴克区	650100
乌鲁木齐市	新市区	650100
乌鲁木齐市	水磨沟区	650100
乌鲁木齐市	头屯河区	650100
乌鲁木齐市	达坂城区	650100
乌鲁木齐市	米东区	650100
乌鲁木齐市	乌鲁木齐县	650121
克拉玛依市	独山子区	650200
克拉玛依市	克拉玛依区	650200
克拉玛依市	白碱滩区	650200
克拉玛依市	乌尔禾区	650200
吐鲁番市	高昌区	650400
吐鲁番市	鄯善县	650421
吐鲁番市	托克逊县	650422
哈密市	伊州区	650500
哈密市	巴里坤哈萨克自治县	650521
哈密市	伊吾县	650522
昌吉回族自治州	昌吉市	652300
昌吉回族自治州	阜康市	652300
昌吉回族自治州	呼图壁县	652323
昌吉回族自治州	玛纳斯县	652324
昌吉回族自治州	奇台县	652325
昌吉回族自治州	吉木萨尔县	652327
昌吉回族自治州	木垒哈萨克自治县	652328
博尔塔拉蒙古自治州	博乐市	652700
博尔塔拉蒙古自治州	阿拉山口市	652700
博尔塔拉蒙古自治州	精河县	652722
博尔塔拉蒙古自治州	温泉县	652723
巴音郭楞蒙古自治州	库尔勒市	652800
巴音郭楞蒙古自治州	轮台县	652822
巴音郭楞蒙古自治州	尉犁县	652823
巴音郭楞蒙古自治州	若羌县	652824
巴音郭楞蒙古自治州	且末县	652825
巴音郭楞蒙古自治州	焉耆回族自治县	652826
巴音郭楞蒙古自治州	和静县	652827
巴音郭楞蒙古自治州	和硕县	652828
巴音郭楞蒙古自治州	博湖县	652829
阿克苏地区	阿克苏市	652900
阿克苏地区	温宿县	652922
阿克苏地区	库车县	652923
阿克苏地区	沙雅县	652924
阿克苏地区	新和县	652925
阿克苏地区	拜城县	652926
阿克苏地区	乌什县	652927
阿克苏地区	阿瓦提县	652928
阿克苏地区	柯坪县	652929
克孜勒苏柯尔克孜自治州	阿图什市	653000
克孜勒苏柯尔克孜自治州	阿克陶县	653022
克孜勒苏柯尔克孜自治州	阿合奇县	653023
克孜勒苏柯尔克孜自治州	乌恰县	653024
喀什地区	喀什市	653100
喀什地区	疏附县	653121
喀什地区	疏勒县	653122
喀什地区	英吉沙县	653123
喀什地区	泽普县	653124
喀什地区	莎车县	653125
喀什地区	叶城县	653126
喀什地区	麦盖提县	653127
喀什地区	岳普湖县	653128
喀什地区	伽师县	653129
喀什地区	巴楚县	653130
喀什地区	塔什库尔干塔吉克自治县	653131
和田地区	和田市	653200
和田地区	和田县	653221
和田地区	墨玉县	653222
和田地区	皮山县	653223
和田地区	洛浦县	653224
和田地区	策勒县	653225
和田地区	于田县	653226
和田地区	民丰县	653227
伊犁哈萨克自治州	伊宁市	654000
伊犁哈萨克自治州	奎屯市	654000
伊犁哈萨克自治州	霍尔果斯市	654000
伊犁哈萨克自治州	伊宁县	654021
伊犁哈萨克自治州	察布查尔锡伯自治县	654022
伊犁哈萨克自治州	霍城县	654023
伊犁哈萨克自治州	巩留县	654024
伊犁哈萨克自治州	新源县	654025
伊犁哈萨克自治州	昭苏县	654026
伊犁哈萨克自治州	特克斯县	654027
伊犁哈萨克自治州	尼勒克县	654028
塔城地区	塔城市	654200
塔城地区	乌苏市	654200
塔城地区	额敏县	654221
塔城地区	沙湾县	654223
塔城地区	托里县	654224
塔城地区	裕民县	654225
塔城地区	和布克赛尔蒙古自治县	654226
阿勒泰地区	阿勒泰市	654300
阿勒泰地区	布尔津县	654321
阿勒泰地区	富蕴县	654322
阿勒泰地区	福海县	654323
阿勒泰地区	哈巴河县	654324
阿勒泰地区	青河县	654325
阿勒泰地区	吉木乃县	654326
石河子市	石河子市	659001
阿拉尔市	阿拉尔市	659002
图木舒克市	图木舒克市	659003
五家渠市	五家渠市	659004
北屯市	北屯市	659005
铁门关市	铁门关市	659006
双河市	双河市	659007
可克达拉市	可克达拉市	659008
昆玉市	昆玉市	659009
台北市	中正区	710100
台北市	松山区	710100
台北市	北投区	710100
台北市	南港区	710100
台北市	中山区	710100
台北市	士林区	710100
台北市	内湖区	710100
台北市	信义区	710100
台北市	文山区	710100
台北市	万华区	710100
台北市	大同区	710100
台北市	大安区	710100
高雄市	苓雅区	710200
高雄市	大树区	710200
高雄市	湖内区	710200
高雄市	三民区	710200
高雄市	茄萣区	710200
高雄市	内门区	710200
高雄市	路竹区	710200
高雄市	茂林区	710200
高雄市	旗山区	710200
高雄市	大寮区	710200
高雄市	桃源区	710200
高雄市	六龟区	710200
高雄市	冈山区	710200
高雄市	盐埕区	710200
高雄市	弥陀区	710200
高雄市	阿莲区	710200
高雄市	鸟松区	710200
高雄市	左营区	710200
高雄市	永安区	710200
高雄市	楠梓区	710200
高雄市	鼓山区	710200
高雄市	凤山区	710200
高雄市	田寮区	710200
高雄市	前金区	710200
高雄市	那玛夏区	710200
高雄市	杉林区	710200
高雄市	前镇区	710200
高雄市	仁武区	710200
高雄市	甲仙区	710200
高雄市	梓官区	710200
高雄市	林园区	710200
高雄市	旗津区	710200
高雄市	大社区	710200
高雄市	桥头区	710200
高雄市	新兴区	710200
高雄市	燕巢区	710200
高雄市	美浓区	710200
高雄市	小港区	710200
台中市	和平区	710300
台中市	东区	710300
台中市	南区	710300
台中市	大里区	710300
台中市	新社区	710300
台中市	丰原区	710300
台中市	乌日区	710300
台中市	清水区	710300
台中市	龙井区	710300
台中市	大雅区	710300
台中市	石冈区	710300
台中市	中区	710300
台中市	南屯区	710300
台中市	东势区	710300
台中市	梧栖区	710300
台中市	西区	710300
台中市	大甲区	710300
台中市	雾峰区	710300
台中市	潭子区	710300
台中市	北屯区	710300
台中市	大安区	710300
台中市	后里区	710300
台中市	大肚区	710300
台中市	西屯区	710300
台中市	沙鹿区	710300
台中市	外埔区	710300
台中市	太平区	710300
台中市	北区	710300
台中市	神冈区	710300
台南市	山上区	710400
台南市	后壁区	710400
台南市	左镇区	710400
台南市	麻豆区	710400
台南市	下营区	710400
台南市	安南区	710400
台南市	北区	710400
台南市	东区	710400
台南市	东山区	710400
台南市	佳里区	710400
台南市	归仁区	710400
台南市	白河区	710400
台南市	新化区	710400
台南市	柳营区	710400
台南市	六甲区	710400
台南市	北门区	710400
台南市	楠西区	710400
台南市	关庙区	710400
台南市	安定区	710400
台南市	将军区	710400
台南市	仁德区	710400
台南市	善化区	710400
台南市	学甲区	710400
台南市	龙崎区	710400
台南市	大内区	710400
台南市	官田区	710400
台南市	南区	710400
台南市	南化区	710400
台南市	新市区	710400
台南市	新营区	710400
台南市	七股区	710400
台南市	盐水区	710400
台南市	中西区	710400
台南市	西港区	710400
台南市	永康区	710400
台南市	玉井区	710400
台南市	安平区	710400
嘉义市	嘉义市	710500
基隆市	基隆市	710600
嘉义县	嘉义县	710700
宜兰县	宜兰县	710800
屏东县	屏东县	710900
彰化县	彰化县	711000
新北市	芦洲区	711100
新北市	石碇区	711100
新北市	五股区	711100
新北市	瑞芳区	711100
新北市	淡水区	711100
新北市	汐止区	711100
新北市	深坑区	711100
新北市	石门区	711100
新北市	永和区	711100
新北市	树林区	711100
新北市	平溪区	711100
新北市	万里区	711100
新北市	乌来区	711100
新北市	板桥区	711100
新北市	八里区	711100
新北市	三芝区	711100
新北市	莺歌区	711100
新北市	三峡区	711100
新北市	三重区	711100
新北市	泰山区	711100
新北市	双溪区	711100
新北市	金山区	711100
新北市	坪林区	711100
新北市	中和区	711100
新北市	林口区	711100
新北市	新庄区	711100
新北市	土城区	711100
新北市	贡寮区	711100
新北市	新店区	711100
台东县	台东县	711200
桃园市	桃园区	711300
桃园市	新屋乡	711300
桃园市	龙潭乡	711300
桃园市	大园乡	711300
桃园市	大溪镇	711300
桃园市	观音乡	711300
桃园市	复兴乡	711300
桃园市	芦竹乡	711300
桃园市	八德市	711300
桃园市	中坜市	711300
桃园市	平镇市	711300
桃园市	杨梅市	711300
桃园市	龟山乡	711300
云林县	云林县	711400
新竹市	新竹市	711500
新竹县	新竹县	711600
花莲县	花莲县	711700
澎湖县	澎湖县	711800
苗栗县	苗栗县	711900
南投县	南投县	712000
香港	油尖旺区	810000
香港	葵青区	810000
香港	中西区	810000
香港	荃湾区	810000
香港	东区	810000
香港	湾仔区	810000
香港	北区	810000
香港	南区	810000
香港	元朗区	810000
香港	深水埗区	810000
香港	九龙城区	810000
香港	观塘区	810000
香港	西贡区	810000
香港	大埔区	810000
香港	沙田区	810000
香港	屯门区	810000
香港	黄大仙区	810000
香港	离岛区	810000
澳门	风顺堂区	820000
澳门	花王堂区	820000
澳门	路氹填海区	820000
澳门	圣方济各堂区	820000
澳门	嘉模堂区	820000
澳门	澳门特别行政区直辖	820000
澳门	花地玛堂区	820000
澳门	望德堂区	820000
澳门	大堂区	820000
